,trend_loss
0,11720.197
1,11546.987
2,11396.473
3,11251.289
4,11099.945
5,10931.606
6,10733.014
7,10487.031
8,10174.24
9,9777.617
10,9290.008
11,8719.102
12,8081.479
13,7400.639
14,6715.791
15,6065.962
16,5466.8574
17,4919.888
18,4427.869
19,3994.9783
20,3622.013
21,3307.0908
22,3046.4033
23,2834.8232
24,2668.1536
25,2542.7202
26,2453.9612
27,2395.683
28,2360.9768
29,2344.024
30,2340.3628
31,2346.0447
32,2357.05
33,2369.669
34,2381.4138
35,2391.157
36,2398.4282
37,2402.7686
38,2403.7449
39,2401.4165
40,2396.4543
41,2389.7104
42,2381.7712
43,2372.9536
44,2363.6245
45,2354.3235
46,2345.5273
47,2337.4043
48,2329.8723
49,2322.862
50,2316.4268
51,2310.6096
52,2305.3164
53,2300.3862
54,2295.7644
55,2291.5283
56,2287.761
57,2284.4636
58,2281.6145
59,2279.255
60,2277.4617
61,2276.2517
62,2275.5566
63,2275.2893
64,2275.391
65,2275.7986
66,2276.3992
67,2277.0544
68,2277.658
69,2278.1472
70,2278.47
71,2278.57
72,2278.4194
73,2278.037
74,2277.4685
75,2276.757
76,2275.946
77,2275.0942
78,2274.2688
79,2273.5215
80,2272.8809
81,2272.3677
82,2271.9973
83,2271.7717
84,2271.6716
85,2271.6711
86,2271.7454
87,2271.8699
88,2272.0156
89,2272.155
90,2272.271
91,2272.354
92,2272.398
93,2272.4001
94,2272.3643
95,2272.3
96,2272.2168
97,2272.1223
98,2272.025
99,2271.9338
100,2271.8542
101,2271.7886
102,2271.7373
103,2271.701
104,2271.678
105,2271.6655
106,2271.6592
107,2271.6582
108,2271.6597
109,2271.6616
110,2271.662
111,2271.6619
112,2271.6604
113,2271.657
114,2271.6528
115,2271.6475
116,2271.642
117,2271.6365
118,2271.6304
119,2271.6245
120,2271.6182
121,2271.6118
122,2271.6047
123,2271.598
124,2271.5908
125,2271.584
126,2271.5771
127,2271.5708
128,2271.5654
129,2271.5605
130,2271.5566
131,2271.5535
132,2271.551
133,2271.5488
134,2271.5469
135,2271.5454
136,2271.5435
137,2271.5413
138,2271.5386
139,2271.5356
140,2271.5322
141,2271.5283
142,2271.5244
143,2271.5203
144,2271.516
145,2271.5117
146,2271.508
147,2271.5042
148,2271.5005
149,2271.4973
150,2271.4941
151,2271.4907
152,2271.4873
153,2271.4844
154,2271.481
155,2271.4775
156,2271.4739
157,2271.4705
158,2271.4668
159,2271.4626
160,2271.459
161,2271.455
162,2271.4512
163,2271.447
164,2271.4429
165,2271.4387
166,2271.4348
167,2271.4307
168,2271.4263
169,2271.422
170,2271.4177
171,2271.4133
172,2271.4092
173,2271.4045
174,2271.4
175,2271.3953
176,2271.3906
177,2271.3857
178,2271.3809
179,2271.3762
180,2271.3708
181,2271.3657
182,2271.3608
183,2271.3555
184,2271.35
185,2271.3445
186,2271.339
187,2271.3333
188,2271.3276
189,2271.3218
190,2271.316
191,2271.3096
192,2271.3035
193,2271.297
194,2271.291
195,2271.2842
196,2271.2778
197,2271.2708
198,2271.264
199,2271.2566
200,2271.2493
201,2271.242
202,2271.2344
203,2271.2266
204,2271.219
205,2271.2107
206,2271.2024
207,2271.1938
208,2271.185
209,2271.1763
210,2271.1672
211,2271.158
212,2271.1482
213,2271.1382
214,2271.1282
215,2271.118
216,2271.1072
217,2271.0964
218,2271.085
219,2271.0735
220,2271.0618
221,2271.0496
222,2271.0366
223,2271.024
224,2271.0105
225,2270.9966
226,2270.9822
227,2270.9673
228,2270.9521
229,2270.9363
230,2270.92
231,2270.9028
232,2270.8855
233,2270.8672
234,2270.8481
235,2270.8286
236,2270.808
237,2270.7866
238,2270.7646
239,2270.7417
240,2270.7173
241,2270.6924
242,2270.6655
243,2270.638
244,2270.6094
245,2270.5789
246,2270.5469
247,2270.5132
248,2270.478
249,2270.4407
250,2270.401
251,2270.3591
252,2270.3152
253,2270.268
254,2270.2183
255,2270.1648
256,2270.108
257,2270.0474
258,2269.9822
259,2269.912
260,2269.8364
261,2269.7554
262,2269.667
263,2269.5713
264,2269.467
265,2269.3533
266,2269.2288
267,2269.0923
268,2268.9414
269,2268.775
270,2268.5898
271,2268.3838
272,2268.1538
273,2267.8958
274,2267.6055
275,2267.2783
276,2266.9082
277,2266.4893
278,2266.0144
279,2265.4768
280,2264.869
281,2264.1848
282,2263.4204
283,2262.5742
284,2261.6494
285,2260.6545
286,2259.6033
287,2258.514
288,2257.404
289,2256.2883
290,2255.1724
291,2254.0515
292,2252.9104
293,2251.7244
294,2250.4653
295,2249.1062
296,2247.623
297,2246.001
298,2244.2356
299,2242.3323
300,2240.3057
301,2238.1738
302,2235.9495
303,2233.6316
304,2231.1995
305,2228.6128
306,2225.8186
307,2222.76
308,2219.3857
309,2215.6516
310,2211.518
311,2206.9502
312,2201.936
313,2196.5396
314,2190.9714
315,2185.6042
316,2180.8296
317,2176.7844
318,2173.208
319,2169.626
320,2165.6772
321,2161.2727
322,2156.5425
323,2151.7014
324,2146.9275
325,2142.281
326,2137.6987
327,2133.044
328,2128.1843
329,2123.0598
330,2117.7056
331,2112.2368
332,2106.8137
333,2101.5916
334,2096.6616
335,2092.0186
336,2087.5671
337,2083.1816
338,2078.7607
339,2074.2568
340,2069.6702
341,2065.0264
342,2060.3584
343,2055.691
344,2051.0251
345,2046.339
346,2041.6016
347,2036.7971
348,2031.9297
349,2027.0101
350,2022.0417
351,2017.0166
352,2011.9176
353,2006.723
354,2001.4121
355,1995.978
356,1990.4353
357,1984.8115
358,1979.1309
359,1973.4036
360,1967.6279
361,1961.793
362,1955.8882
363,1949.9065
364,1943.85
365,1937.7249
366,1931.5366
367,1925.2845
368,1918.9658
369,1912.582
370,1906.1393
371,1899.6481
372,1893.1224
373,1886.5746
374,1880.0114
375,1873.4349
376,1866.8462
377,1860.2487
378,1853.6476
379,1847.0496
380,1840.4609
381,1833.886
382,1827.328
383,1820.7911
384,1814.2797
385,1807.7998
386,1801.3558
387,1794.9508
388,1788.5864
389,1782.2633
390,1775.9822
391,1769.744
392,1763.55
393,1757.4014
394,1751.2975
395,1745.2384
396,1739.2235
397,1733.252
398,1727.3234
399,1721.4371
400,1715.592
401,1709.7866
402,1704.0192
403,1698.2881
404,1692.5922
405,1686.9303
406,1681.3015
407,1675.7056
408,1670.1411
409,1664.6073
410,1659.1036
411,1653.63
412,1648.1863
413,1642.7719
414,1637.3866
415,1632.0305
416,1626.7034
417,1621.405
418,1616.1355
419,1610.8954
420,1605.6842
421,1600.5018
422,1595.3485
423,1590.2245
424,1585.1293
425,1580.063
426,1575.0254
427,1570.0162
428,1565.0356
429,1560.0833
430,1555.1587
431,1550.2618
432,1545.3923
433,1540.5497
434,1535.7341
435,1530.945
436,1526.1823
437,1521.4454
438,1516.7345
439,1512.0491
440,1507.3896
441,1502.755
442,1498.1459
443,1493.5618
444,1489.0029
445,1484.4688
446,1479.9597
447,1475.4753
448,1471.016
449,1466.5814
450,1462.1718
451,1457.7876
452,1453.43
453,1449.1062
454,1444.842
455,1440.7385
456,1437.1002
457,1433.9858
458,1429.5009
459,1423.6346
460,1420.456
461,1416.4178
462,1411.1948
463,1408.158
464,1403.3926
465,1399.2954
466,1395.705
467,1390.9626
468,1387.6001
469,1383.1642
470,1379.3677
471,1375.5183
472,1371.3218
473,1367.7925
474,1363.5593
475,1359.9757
476,1355.9923
477,1352.1937
478,1348.4884
479,1344.5469
480,1340.9708
481,1337.0543
482,1333.4423
483,1329.6676
484,1325.9556
485,1322.3212
486,1318.553
487,1314.975
488,1311.2354
489,1307.6306
490,1303.9696
491,1300.3121
492,1296.7155
493,1293.0359
494,1289.4512
495,1285.7928
496,1282.1804
497,1278.5592
498,1274.916
499,1271.3154
500,1267.6658
501,1264.0586
502,1260.4268
503,1256.8035
504,1253.195
505,1249.5698
506,1245.9786
507,1242.375
508,1238.7976
509,1235.2323
510,1231.6772
511,1228.1536
512,1224.636
513,1221.1514
514,1217.6812
515,1214.233
516,1210.8094
517,1207.3977
518,1204.0112
519,1200.6346
520,1197.2748
521,1193.9264
522,1190.585
523,1187.2549
524,1183.926
525,1180.6033
526,1177.2814
527,1173.9585
528,1170.6365
529,1167.3098
530,1163.9816
531,1160.648
532,1157.3097
533,1153.9666
534,1150.6163
535,1147.2612
536,1143.8992
537,1140.5305
538,1137.1555
539,1133.7734
540,1130.3848
541,1126.9886
542,1123.5856
543,1120.175
544,1116.7563
545,1113.3297
546,1109.8943
547,1106.4496
548,1102.9954
549,1099.5306
550,1096.0552
551,1092.5675
552,1089.0676
553,1085.5548
554,1082.0278
555,1078.4862
556,1074.9293
557,1071.3561
558,1067.7664
559,1064.1594
560,1060.5345
561,1056.8917
562,1053.2303
563,1049.5507
564,1045.8525
565,1042.1362
566,1038.4025
567,1034.652
568,1030.8856
569,1027.1052
570,1023.3121
571,1019.5083
572,1015.6954
573,1011.8762
574,1008.0528
575,1004.2277
576,1000.40295
577,996.5805
578,992.7622
579,988.9496
580,985.14374
581,981.34576
582,977.556
583,973.7752
584,970.00366
585,966.2417
586,962.4896
587,958.748
588,955.0173
589,951.2984
590,947.5917
591,943.8983
592,940.2192
593,936.5556
594,932.90845
595,929.27856
596,925.6673
597,922.0754
598,918.50354
599,914.95264
600,911.42303
601,907.91504
602,904.4292
603,900.9653
604,897.5229
605,894.10187
606,890.7017
607,887.3214
608,883.96
609,880.6165
610,877.28925
611,873.97675
612,870.67694
613,867.38763
614,864.1068
615,860.8317
616,857.5596
617,854.2877
618,851.01294
619,847.7323
620,844.44275
621,841.1416
622,837.82654
623,834.49536
624,831.1469
625,827.7809
626,824.3978
627,821.0003
628,817.59143
629,814.17645
630,810.7618
631,807.3548
632,803.96356
633,800.5962
634,797.2599
635,793.96
636,790.7003
637,787.48145
638,784.30194
639,781.15765
640,778.0436
641,774.9537
642,771.8825
643,768.8256
644,765.7797
645,762.74457
646,759.72095
647,756.7121
648,753.72253
649,750.7577
650,747.8231
651,744.9231
652,742.05994
653,739.23254
654,736.4367
655,733.66504
656,730.90857
657,728.1572
658,725.40186
659,722.6339
660,719.84595
661,717.032
662,714.1864
663,711.306
664,708.39
665,705.4418
666,702.4701
667,699.4879
668,696.5098
669,693.5491
670,690.6137
671,687.7072
672,684.8281
673,681.97375
674,679.14075
675,676.32715
676,673.5285
677,670.73645
678,667.93555
679,665.1072
680,662.241
681,659.3515
682,656.4869
683,653.71014
684,651.0569
685,648.5007
686,645.9596
687,643.35596
688,640.6853
689,638.02545
690,635.46375
691,633.0156
692,630.6172
693,628.19324
694,625.7312
695,623.29236
696,620.9494
697,618.70685
698,616.5006
699,614.2761
700,612.047
701,609.8702
702,607.7761
703,605.738
704,603.7074
705,601.6709
706,599.6559
707,597.6887
708,595.7596
709,593.8365
710,591.9051
711,589.9816
712,588.0868
713,586.21796
714,584.3563
715,582.4947
716,580.64606
717,578.8229
718,577.0214
719,575.22925
720,573.44275
721,571.67035
722,569.9187
723,568.18384
724,566.4563
725,564.732
726,563.014
727,561.30304
728,559.595
729,557.8843
730,556.1724
731,554.467
732,552.7872
733,551.18494
734,549.8441
735,549.3165
736,550.59625
737,553.21246
738,550.37213
739,541.7328
740,540.8872
741,543.36896
742,537.8339
743,534.6866
744,536.5808
745,532.44214
746,529.52686
747,530.3637
748,526.89844
749,524.30475
750,524.5889
751,521.3862
752,519.1743
753,518.89
754,516.22186
755,513.8552
756,513.3017
757,511.13593
758,508.59732
759,507.58875
760,506.0936
761,503.6074
762,501.8223
763,500.75153
764,498.99506
765,496.72986
766,494.8381
767,493.51828
768,492.4306
769,491.33057
770,490.46536
771,489.30716
772,488.20703
773,485.57037
774,482.86786
775,480.40518
776,478.46588
777,477.06613
778,476.39722
779,478.5828
780,486.31876
781,486.01727
782,475.6751
783,477.78516
784,470.05865
785,472.50284
786,467.39804
787,471.19757
788,465.0951
789,464.82254
790,460.67352
791,462.24686
792,458.09888
793,457.9054
794,457.49167
795,453.34497
796,452.13327
797,452.90717
798,452.9049
799,447.9262
800,451.5994
801,450.4497
802,449.28693
803,445.08212
804,445.42776
805,442.44254
806,442.87738
807,439.27368
808,439.72565
809,436.52948
810,436.53964
811,433.36987
812,433.75272
813,430.43988
814,430.4001
815,428.33307
816,426.76346
817,426.3769
818,424.43118
819,422.8467
820,422.51974
821,420.3039
822,419.80164
823,418.7301
824,417.63528
825,417.72205
826,417.2395
827,415.81738
828,413.26782
829,411.03595
830,410.46738
831,409.84332
832,409.82443
833,408.36313
834,406.64398
835,404.67273
836,402.99475
837,402.30026
838,401.31656
839,401.17664
840,400.15955
841,398.56683
842,396.65308
843,395.0017
844,394.42365
845,393.6349
846,393.22675
847,392.01794
848,390.64813
849,388.63647
850,387.39612
851,386.3258
852,385.73236
853,384.76996
854,383.7514
855,382.38116
856,381.04724
857,379.76697
858,378.63464
859,377.648
860,376.6986
861,375.86877
862,375.04834
863,374.42297
864,373.726
865,373.24542
866,372.63867
867,372.036
868,370.5594
869,368.83337
870,366.91827
871,365.30118
872,363.96014
873,362.94373
874,362.11914
875,361.54602
876,361.2933
877,361.46423
878,362.19034
879,362.13992
880,360.7494
881,357.2706
882,353.98154
883,351.9843
884,351.341
885,351.64227
886,352.16702
887,351.9438
888,350.1101
889,347.20395
890,344.73096
891,343.5207
892,343.3621
893,343.35828
894,342.61874
895,340.8813
896,338.84857
897,337.32996
898,336.5049
899,336.10712
900,335.66818
901,334.85205
902,333.58978
903,332.0661
904,330.56955
905,329.29907
906,328.2839
907,327.45544
908,326.7658
909,326.1781
910,325.6916
911,325.23105
912,324.746
913,323.871
914,322.65268
915,320.9676
916,319.21228
917,317.51096
918,316.04034
919,314.77713
920,313.6599
921,312.64874
922,311.74622
923,311.02795
924,310.6249
925,310.80853
926,311.43576
927,312.0914
928,310.44113
929,307.0418
930,303.05597
931,300.74002
932,300.17566
933,300.51718
934,300.64285
935,299.09604
936,296.1196
937,293.16028
938,291.39935
939,290.7492
940,290.40588
941,289.46313
942,287.40775
943,284.74072
944,282.37527
945,280.8373
946,279.82727
947,278.8438
948,277.42844
949,275.32947
950,272.90656
951,270.56094
952,268.54105
953,266.83182
954,265.33096
955,263.92667
956,262.50116
957,260.9485
958,259.1789
959,257.09094
960,254.73724
961,252.2231
962,249.69145
963,247.21718
964,244.8652
965,242.59537
966,240.40878
967,238.31287
968,236.42587
969,234.96143
970,234.48758
971,235.25758
972,236.8269
973,234.31805
974,227.01675
975,219.79187
976,216.34747
977,215.90332
978,216.27435
979,215.02727
980,210.34695
981,209.24062
982,203.99683
983,217.02087
984,224.36983
985,241.75734
986,335.83398
987,561.06177
988,694.3178
989,467.12836
990,529.1919
991,574.99506
992,619.7161
993,566.5994
994,573.3013
995,596.9778
996,601.6778
997,511.74054
998,476.66623
999,493.68802
1000,456.59857
1001,401.4257
1002,404.84207
1003,389.91742
1004,371.22058
1005,390.39038
1006,406.88388
1007,495.14902
1008,463.49353
1009,492.8404
1010,498.96454
1011,443.01437
1012,394.16473
1013,405.88232
1014,391.24066
1015,370.17688
1016,320.1493
1017,287.3433
1018,292.1884
1019,304.82452
1020,295.0199
1021,264.81195
1022,245.00961
1023,240.57811
1024,232.67673
1025,223.47398
1026,217.30176
1027,216.54294
1028,212.69286
1029,208.45123
1030,206.6152
1031,198.09702
1032,196.12033
1033,198.07378
1034,192.87445
1035,189.0134
1036,184.04547
1037,183.15923
1038,182.07173
1039,178.52081
1040,178.60132
1041,176.18369
1042,174.2444
1043,175.12668
1044,173.03958
1045,171.3211
1046,169.87296
1047,168.69336
1048,167.9705
1049,165.16437
1050,163.8063
1051,163.03966
1052,161.50478
1053,160.92897
1054,159.81346
1055,159.21188
1056,158.64534
1057,157.62364
1058,156.95987
1059,155.96121
1060,155.60449
1061,155.07013
1062,154.2367
1063,153.73108
1064,153.01015
1065,152.58272
1066,152.04486
1067,151.54863
1068,151.12799
1069,150.63348
1070,150.2833
1071,149.69992
1072,149.25543
1073,148.93109
1074,148.54329
1075,148.20438
1076,147.78748
1077,147.43741
1078,147.05652
1079,146.67444
1080,146.30528
1081,145.92484
1082,145.61331
1083,145.25478
1084,144.9239
1085,144.59831
1086,144.2706
1087,143.98009
1088,143.66008
1089,143.351
1090,143.03668
1091,142.73114
1092,142.4212
1093,142.10039
1094,141.79686
1095,141.48573
1096,141.18665
1097,140.88028
1098,140.5781
1099,140.28716
1100,139.9908
1101,139.69998
1102,139.40494
1103,139.11403
1104,138.82278
1105,138.53226
1106,138.24208
1107,137.95055
1108,137.66295
1109,137.37181
1110,137.08249
1111,136.79172
1112,136.50253
1113,136.21501
1114,135.92549
1115,135.63791
1116,135.34843
1117,135.06024
1118,134.77089
1119,134.48209
1120,134.19347
1121,133.90453
1122,133.616
1123,133.3272
1124,133.03893
1125,132.75125
1126,132.46455
1127,132.1788
1128,131.89464
1129,131.61385
1130,131.35579
1131,131.30873
1132,131.9044
1133,133.07265
1134,130.56215
1135,132.81369
1136,129.78697
1137,131.02318
1138,129.43736
1139,129.90668
1140,129.22057
1141,128.68137
1142,128.94312
1143,127.93698
1144,128.07005
1145,127.73003
1146,127.09216
1147,127.19858
1148,126.58339
1149,126.53261
1150,126.082184
1151,125.86985
1152,125.69028
1153,125.202835
1154,125.20386
1155,124.67501
1156,124.60702
1157,124.16657
1158,124.00194
1159,123.65671
1160,123.40363
1161,123.16497
1162,122.8234
1163,122.65178
1164,122.29177
1165,122.11218
1166,121.76329
1167,121.58014
1168,121.23598
1169,121.03362
1170,120.70663
1171,120.506615
1172,120.18285
1173,119.96203
1174,119.66787
1175,119.41837
1176,119.16962
1177,118.87738
1178,118.66062
1179,118.37752
1180,118.10727
1181,117.88451
1182,117.60027
1183,117.33165
1184,117.107025
1185,116.836334
1186,116.55757
1187,116.32996
1188,116.08969
1189,115.80376
1190,115.54201
1191,115.311905
1192,115.0752
1193,114.83026
1194,114.56358
1195,114.30405
1196,114.04578
1197,113.798004
1198,113.56111
1199,113.37035
1200,113.2749
1201,113.718765
1202,113.77378
1203,114.36425
1204,112.20263
1205,113.23861
1206,113.629456
1207,111.684685
1208,113.773506
1209,111.8085
1210,112.001396
1211,111.44887
1212,110.68241
1213,111.04385
1214,110.13974
1215,110.55693
1216,109.4406
1217,109.83963
1218,108.990524
1219,109.37054
1220,108.505066
1221,108.7144
1222,108.04087
1223,108.22688
1224,107.66463
1225,107.62037
1226,107.20191
1227,107.05439
1228,106.811646
1229,106.51713
1230,106.38531
1231,105.96483
1232,105.89555
1233,105.49662
1234,105.41456
1235,105.13984
1236,104.83309
1237,104.77779
1238,104.45173
1239,104.13932
1240,104.1185
1241,103.913605
1242,103.43741
1243,103.49115
1244,103.57672
1245,102.78503
1246,102.97327
1247,103.37074
1248,102.14165
1249,103.08004
1250,103.496765
1251,102.02767
1252,103.49408
1253,101.43832
1254,102.23221
1255,100.87114
1256,101.72339
1257,100.57443
1258,100.97986
1259,100.010475
1260,100.50445
1261,99.79468
1262,99.90637
1263,99.26476
1264,99.38839
1265,98.93779
1266,98.90284
1267,98.41961
1268,98.42797
1269,98.046814
1270,97.96869
1271,97.58743
1272,97.50327
1273,97.2193
1274,97.04896
1275,96.80217
1276,96.57162
1277,96.426506
1278,96.12833
1279,96.05427
1280,95.679115
1281,95.59764
1282,95.30183
1283,95.127
1284,94.979355
1285,94.67424
1286,94.58502
1287,94.41892
1288,94.08294
1289,94.010605
1290,93.987595
1291,93.55782
1292,93.3311
1293,93.301765
1294,93.13168
1295,92.99083
1296,92.62909
1297,92.37924
1298,92.22793
1299,92.11919
1300,92.08249
1301,91.85131
1302,91.735245
1303,91.40494
1304,91.15493
1305,90.93039
1306,90.7644
1307,90.64318
1308,90.514694
1309,90.46915
1310,90.28116
1311,90.27228
1312,89.91063
1313,89.66234
1314,89.37227
1315,89.203995
1316,89.12354
1317,88.97615
1318,88.84203
1319,88.58035
1320,88.36193
1321,88.15852
1322,87.9852
1323,87.835396
1324,87.706764
1325,87.65329
1326,87.62418
1327,88.10053
1328,87.60958
1329,87.54379
1330,86.727684
1331,86.88464
1332,87.22622
1333,86.238754
1334,86.85347
1335,87.15664
1336,85.88555
1337,87.46997
1338,86.91499
1339,86.28234
1340,86.57207
1341,85.12643
1342,85.83019
1343,84.87515
1344,85.44405
1345,84.40666
1346,84.842125
1347,84.107155
1348,84.48662
1349,83.765915
1350,84.00387
1351,83.46644
1352,83.65663
1353,83.144035
1354,83.24284
1355,82.83946
1356,82.90997
1357,82.5302
1358,82.54291
1359,82.22894
1360,82.21619
1361,81.92302
1362,81.8786
1363,81.62323
1364,81.56242
1365,81.31608
1366,81.240005
1367,81.015945
1368,80.932594
1369,80.715706
1370,80.61677
1371,80.41901
1372,80.312065
1373,80.12837
1374,80.003365
1375,79.83761
1376,79.69967
1377,79.55216
1378,79.39938
1379,79.26623
1380,79.10354
1381,78.9772
1382,78.81639
1383,78.68843
1384,78.53568
1385,78.39686
1386,78.25795
1387,78.109436
1388,77.978195
1389,77.82958
1390,77.69601
1391,77.556206
1392,77.4144
1393,77.28285
1394,77.13999
1395,77.005226
1396,76.87095
1397,76.73103
1398,76.5991
1399,76.463745
1400,76.32729
1401,76.19619
1402,76.06171
1403,75.927666
1404,75.79716
1405,75.66419
1406,75.53183
1407,75.40207
1408,75.27088
1409,75.13968
1410,75.010635
1411,74.8812
1412,74.75114
1413,74.62265
1414,74.494675
1415,74.36602
1416,74.23796
1417,74.11091
1418,73.98368
1419,73.85631
1420,73.72955
1421,73.60339
1422,73.47709
1423,73.35074
1424,73.22486
1425,73.09936
1426,72.973755
1427,72.84809
1428,72.72263
1429,72.59745
1430,72.47233
1431,72.347046
1432,72.22179
1433,72.09663
1434,71.97164
1435,71.846664
1436,71.72166
1437,71.59671
1438,71.471886
1439,71.34728
1440,71.22294
1441,71.09886
1442,70.97514
1443,70.85176
1444,70.72893
1445,70.60665
1446,70.485016
1447,70.36415
1448,70.24472
1449,70.12815
1450,70.02563
1451,70.00895
1452,70.56522
1453,75.568886
1454,75.10688
1455,79.65376
1456,72.79495
1457,79.26145
1458,72.06547
1459,75.66185
1460,71.272514
1461,74.04246
1462,72.628136
1463,71.35977
1464,72.25328
1465,70.40777
1466,71.71089
1467,69.679695
1468,70.40286
1469,70.48437
1470,69.02717
1471,70.14197
1472,69.208565
1473,68.96191
1474,69.3107
1475,68.79183
1476,68.647804
1477,68.58588
1478,68.367355
1479,68.18637
1480,67.99244
1481,68.08678
1482,67.74649
1483,67.67401
1484,67.72237
1485,67.32604
1486,67.33202
1487,67.297104
1488,66.959915
1489,67.02939
1490,66.85146
1491,66.697464
1492,66.679756
1493,66.49443
1494,66.45834
1495,66.26141
1496,66.23635
1497,66.09009
1498,65.97415
1499,65.925026
1500,65.76748
1501,65.707954
1502,65.59528
1503,65.51352
1504,65.41117
1505,65.32094
1506,65.23748
1507,65.13194
1508,65.06341
1509,64.956924
1510,64.88771
1511,64.78006
1512,64.71223
1513,64.62774
1514,64.54393
1515,64.45892
1516,64.37969
1517,64.2973
1518,64.21707
1519,64.146095
1520,64.06717
1521,64.022514
1522,64.05965
1523,64.50141
1524,67.599045
1525,67.7792
1526,71.35185
1527,64.65995
1528,70.86622
1529,65.41953
1530,67.22068
1531,65.76225
1532,66.77921
1533,65.74988
1534,66.174736
1535,65.074104
1536,65.46129
1537,64.49562
1538,65.272194
1539,63.85073
1540,65.028786
1541,63.550896
1542,64.28564
1543,63.45724
1544,63.848415
1545,63.336864
1546,63.611435
1547,63.01047
1548,63.277958
1549,62.73648
1550,63.048153
1551,62.574085
1552,62.879593
1553,62.435402
1554,62.546204
1555,62.34111
1556,62.321777
1557,62.23064
1558,62.151306
1559,62.066803
1560,61.966087
1561,61.929607
1562,61.78543
1563,61.78411
1564,61.635197
1565,61.623676
1566,61.52178
1567,61.448257
1568,61.413048
1569,61.294395
1570,61.280804
1571,61.203514
1572,61.12847
1573,61.103264
1574,61.006454
1575,60.954002
1576,60.920704
1577,60.824
1578,60.795033
1579,60.736164
1580,60.66169
1581,60.626274
1582,60.56993
1583,60.505875
1584,60.45951
1585,60.417477
1586,60.35038
1587,60.302017
1588,60.2585
1589,60.20393
1590,60.147316
1591,60.10116
1592,60.058815
1593,60.00489
1594,59.95204
1595,59.903294
1596,59.861866
1597,59.816273
1598,59.76754
1599,59.717163
1600,59.66848
1601,59.623077
1602,59.57904
1603,59.53704
1604,59.495056
1605,59.454376
1606,59.4159
1607,59.381546
1608,59.360764
1609,59.358
1610,59.431713
1611,59.575485
1612,60.19043
1613,60.56801
1614,62.277557
1615,60.099968
1616,59.04274
1617,59.480515
1618,59.57691
1619,59.045685
1620,59.076946
1621,59.226757
1622,58.893375
1623,58.979313
1624,58.94555
1625,58.75533
1626,58.855743
1627,58.6997
1628,58.677822
1629,58.689137
1630,58.540405
1631,58.568428
1632,58.525036
1633,58.405586
1634,58.440872
1635,58.39961
1636,58.279327
1637,58.29125
1638,58.288055
1639,58.17537
1640,58.124634
1641,58.144867
1642,58.103416
1643,58.02399
1644,57.96712
1645,57.955013
1646,57.956425
1647,57.924503
1648,57.87876
1649,57.816917
1650,57.763134
1651,57.718227
1652,57.683002
1653,57.654373
1654,57.632614
1655,57.623493
1656,57.633274
1657,57.716484
1658,57.874714
1659,58.496777
1660,58.984875
1661,61.056835
1662,58.888474
1663,57.56753
1664,57.58725
1665,58.15864
1666,57.7737
1667,57.37875
1668,57.92155
1669,57.539757
1670,57.39675
1671,57.699783
1672,57.23067
1673,57.41577
1674,57.319256
1675,57.12644
1676,57.29529
1677,57.04817
1678,57.096333
1679,57.104816
1680,56.906292
1681,57.02411
1682,56.95698
1683,56.799862
1684,56.906773
1685,56.85142
1686,56.689384
1687,56.7638
1688,56.783463
1689,56.611553
1690,56.60198
1691,56.6799
1692,56.592453
1693,56.481003
1694,56.46937
1695,56.50712
1696,56.493866
1697,56.39862
1698,56.329033
1699,56.31983
1700,56.333244
1701,56.332516
1702,56.278477
1703,56.216736
1704,56.163395
1705,56.135323
1706,56.127205
1707,56.122124
1708,56.117912
1709,56.094017
1710,56.070126
1711,56.02827
1712,55.990494
1713,55.948044
1714,55.910915
1715,55.875965
1716,55.84517
1717,55.817223
1718,55.791695
1719,55.767822
1720,55.745174
1721,55.724697
1722,55.706547
1723,55.695347
1724,55.691772
1725,55.71642
1726,55.767776
1727,55.952328
1728,56.174194
1729,56.94983
1730,57.06753
1731,57.980278
1732,56.347504
1733,55.484695
1734,55.787716
1735,56.078735
1736,55.712593
1737,55.440926
1738,55.82129
1739,55.68349
1740,55.37608
1741,55.69712
1742,55.540493
1743,55.3106
1744,55.594555
1745,55.411125
1746,55.235706
1747,55.469826
1748,55.30425
1749,55.143055
1750,55.34115
1751,55.2496
1752,55.043587
1753,55.196957
1754,55.212807
1755,54.976067
1756,55.029915
1757,55.142334
1758,54.961617
1759,54.87283
1760,54.967083
1761,54.954132
1762,54.838932
1763,54.776188
1764,54.82331
1765,54.851555
1766,54.76658
1767,54.686535
1768,54.67706
1769,54.702522
1770,54.7016
1771,54.639725
1772,54.57971
1773,54.554657
1774,54.558884
1775,54.564102
1776,54.537918
1777,54.49735
1778,54.452362
1779,54.42373
1780,54.411415
1781,54.40502
1782,54.394997
1783,54.371185
1784,54.34162
1785,54.30865
1786,54.280235
1787,54.258224
1788,54.241676
1789,54.227802
1790,54.213165
1791,54.19727
1792,54.177517
1793,54.15667
1794,54.13318
1795,54.110188
1796,54.086735
1797,54.06434
1798,54.042347
1799,54.02121
1800,54.00052
1801,53.980316
1802,53.960396
1803,53.940796
1804,53.92147
1805,53.90246
1806,53.88385
1807,53.86611
1808,53.849487
1809,53.835575
1810,53.82551
1811,53.826054
1812,53.84024
1813,53.90065
1814,54.00025
1815,54.303406
1816,54.586315
1817,55.510265
1818,55.281803
1819,55.44294
1820,54.078033
1821,53.65667
1822,54.218773
1823,54.172043
1824,53.692417
1825,53.696922
1826,53.948772
1827,53.726128
1828,53.569138
1829,53.79122
1830,53.679432
1831,53.49241
1832,53.669525
1833,53.623528
1834,53.42092
1835,53.54465
1836,53.569096
1837,53.36328
1838,53.404354
1839,53.495186
1840,53.34006
1841,53.269646
1842,53.35238
1843,53.32602
1844,53.22001
1845,53.190044
1846,53.236225
1847,53.236668
1848,53.15411
1849,53.103367
1850,53.11577
1851,53.131924
1852,53.11068
1853,53.05218
1854,53.010574
1855,53.00266
1856,53.0092
1857,53.00644
1858,52.976284
1859,52.93833
1860,52.90414
1861,52.884747
1862,52.87671
1863,52.87052
1864,52.85984
1865,52.83795
1866,52.81175
1867,52.783855
1868,52.760216
1869,52.742096
1870,52.728264
1871,52.71617
1872,52.70242
1873,52.68661
1874,52.66726
1875,52.64668
1876,52.62528
1877,52.604725
1878,52.585472
1879,52.567673
1880,52.551086
1881,52.535248
1882,52.519775
1883,52.504242
1884,52.488724
1885,52.47281
1886,52.457085
1887,52.441
1888,52.425518
1889,52.409817
1890,52.39547
1891,52.381203
1892,52.369648
1893,52.358738
1894,52.353745
1895,52.350235
1896,52.360886
1897,52.37334
1898,52.421078
1899,52.461277
1900,52.583843
1901,52.638866
1902,52.83713
1903,52.77881
1904,52.831017
1905,52.528996
1906,52.292233
1907,52.11437
1908,52.126835
1909,52.247856
1910,52.263557
1911,52.179066
1912,52.045723
1913,52.02271
1914,52.084946
1915,52.094944
1916,52.035408
1917,51.95162
1918,51.931976
1919,51.961414
1920,51.966797
1921,51.932693
1922,51.872227
1923,51.835632
1924,51.83191
1925,51.84031
1926,51.840645
1927,51.8148
1928,51.780254
1929,51.743324
1930,51.716114
1931,51.69967
1932,51.69116
1933,51.687256
1934,51.683292
1935,51.682728
1936,51.67855
1937,51.684956
1938,51.687607
1939,51.717552
1940,51.74126
1941,51.830738
1942,51.889755
1943,52.095104
1944,52.1432
1945,52.408096
1946,52.20867
1947,52.11912
1948,51.6931
1949,51.44142
1950,51.435253
1951,51.58406
1952,51.683582
1953,51.519924
1954,51.36072
1955,51.351585
1956,51.437077
1957,51.463478
1958,51.347954
1959,51.260582
1960,51.272503
1961,51.316128
1962,51.313854
1963,51.236996
1964,51.173767
1965,51.16159
1966,51.18128
1967,51.19595
1968,51.16869
1969,51.12524
1970,51.077785
1971,51.04765
1972,51.036427
1973,51.036736
1974,51.042824
1975,51.04442
1976,51.051727
1977,51.0484
1978,51.06282
1979,51.066025
1980,51.111347
1981,51.138783
1982,51.25864
1983,51.31477
1984,51.55271
1985,51.548134
1986,51.76206
1987,51.46139
1988,51.256786
1989,50.891304
1990,50.74897
1991,50.842087
1992,50.96612
1993,50.983013
1994,50.79322
1995,50.676384
1996,50.71362
1997,50.78523
1998,50.779957
1999,50.662727
2000,50.58985
2001,50.605835
2002,50.644547
2003,50.645916
2004,50.57733
2005,50.511936
2006,50.482662
2007,50.48997
2008,50.50911
2009,50.505207
2010,50.487045
2011,50.44523
2012,50.406174
2013,50.37052
2014,50.344242
2015,50.325867
2016,50.31361
2017,50.306362
2018,50.303345
2019,50.31024
2020,50.324993
2021,50.376648
2022,50.44679
2023,50.65827
2024,50.859943
2025,51.53831
2026,51.660126
2027,52.547775
2028,51.390434
2029,50.58566
2030,50.11597
2031,50.539696
2032,51.001106
2033,50.360966
2034,50.10381
2035,50.48346
2036,50.378876
2037,50.057083
2038,50.11862
2039,50.2603
2040,50.11138
2041,49.94923
2042,50.07417
2043,50.12778
2044,49.928658
2045,49.876328
2046,49.981598
2047,49.95574
2048,49.83509
2049,49.77481
2050,49.824158
2051,49.865303
2052,49.79649
2053,49.711884
2054,49.676674
2055,49.69691
2056,49.727325
2057,49.709686
2058,49.666782
2059,49.60643
2060,49.56505
2061,49.54856
2062,49.549454
2063,49.5553
2064,49.54811
2065,49.535038
2066,49.50305
2067,49.470413
2068,49.433884
2069,49.403416
2070,49.37929
2071,49.362064
2072,49.34929
2073,49.337982
2074,49.326435
2075,49.31058
2076,49.293007
2077,49.27031
2078,49.247253
2079,49.22263
2080,49.19936
2081,49.177494
2082,49.157623
2083,49.139458
2084,49.122375
2085,49.10582
2086,49.08894
2087,49.071907
2088,49.053772
2089,49.035408
2090,49.01575
2091,48.995983
2092,48.9754
2093,48.95489
2094,48.934116
2095,48.913548
2096,48.89292
2097,48.872574
2098,48.85239
2099,48.832436
2100,48.812626
2101,48.792923
2102,48.77327
2103,48.7536
2104,48.733814
2105,48.713875
2106,48.69374
2107,48.6734
2108,48.65289
2109,48.632175
2110,48.61138
2111,48.590515
2112,48.569637
2113,48.548733
2114,48.527805
2115,48.50681
2116,48.48572
2117,48.46449
2118,48.44308
2119,48.421524
2120,48.39982
2121,48.378014
2122,48.356068
2123,48.334072
2124,48.311962
2125,48.289738
2126,48.26735
2127,48.244804
2128,48.222107
2129,48.199257
2130,48.17629
2131,48.15316
2132,48.129906
2133,48.106487
2134,48.082924
2135,48.05917
2136,48.03528
2137,48.0112
2138,47.98696
2139,47.962578
2140,47.938015
2141,47.913254
2142,47.888344
2143,47.86324
2144,47.837948
2145,47.81246
2146,47.78681
2147,47.760963
2148,47.73497
2149,47.70874
2150,47.68236
2151,47.655758
2152,47.62898
2153,47.602028
2154,47.574883
2155,47.54754
2156,47.520023
2157,47.492317
2158,47.464424
2159,47.43637
2160,47.40812
2161,47.379704
2162,47.351112
2163,47.322384
2164,47.29348
2165,47.26441
2166,47.235188
2167,47.205837
2168,47.176334
2169,47.14671
2170,47.116966
2171,47.087082
2172,47.057102
2173,47.02704
2174,46.996826
2175,46.96656
2176,46.93621
2177,46.905827
2178,46.87535
2179,46.84483
2180,46.814255
2181,46.78366
2182,46.753067
2183,46.722454
2184,46.69181
2185,46.66117
2186,46.63059
2187,46.600014
2188,46.569485
2189,46.538994
2190,46.508553
2191,46.47817
2192,46.447872
2193,46.41766
2194,46.38754
2195,46.357494
2196,46.327576
2197,46.297745
2198,46.268024
2199,46.23844
2200,46.20898
2201,46.17967
2202,46.150497
2203,46.121437
2204,46.09253
2205,46.063774
2206,46.03517
2207,46.006718
2208,45.97844
2209,45.950302
2210,45.922325
2211,45.894535
2212,45.866867
2213,45.839386
2214,45.812057
2215,45.784874
2216,45.757862
2217,45.73101
2218,45.70432
2219,45.677776
2220,45.651398
2221,45.62512
2222,45.59903
2223,45.573093
2224,45.547283
2225,45.52161
2226,45.496086
2227,45.47068
2228,45.44542
2229,45.420284
2230,45.395287
2231,45.370365
2232,45.345585
2233,45.320927
2234,45.29634
2235,45.27192
2236,45.247566
2237,45.223316
2238,45.199165
2239,45.175114
2240,45.151123
2241,45.12726
2242,45.103474
2243,45.079758
2244,45.056114
2245,45.032555
2246,45.00907
2247,44.985653
2248,44.96231
2249,44.939014
2250,44.915802
2251,44.892643
2252,44.869553
2253,44.846493
2254,44.82351
2255,44.800552
2256,44.77766
2257,44.75483
2258,44.732025
2259,44.709248
2260,44.686543
2261,44.66384
2262,44.641212
2263,44.618607
2264,44.596024
2265,44.573486
2266,44.550964
2267,44.528465
2268,44.50604
2269,44.4836
2270,44.461193
2271,44.43886
2272,44.416626
2273,44.39467
2274,44.373356
2275,44.35447
2276,44.342525
2277,44.36092
2278,44.454258
2279,45.098038
2280,46.30768
2281,72.03692
2282,742.88824
2283,1255.1437
2284,35837.63
2285,3862.4512
2286,3299.6538
2287,7609.6396
2288,3455.6782
2289,2552.9392
2290,1646.803
2291,1443.2601
2292,1479.8025
2293,1323.9617
2294,1260.8156
2295,1144.9692
2296,1367.2552
2297,1181.3062
2298,1241.9221
2299,1259.3198
2300,1188.9768
2301,1119.102
2302,1148.8953
2303,1123.5046
2304,987.0638
2305,961.89923
2306,943.6627
2307,890.9097
2308,843.44183
2309,749.4436
2310,1397.6763
2311,698.84644
2312,920.6361
2313,975.3664
2314,984.3901
2315,967.7608
2316,939.7285
2317,904.95166
2318,868.3939
2319,837.5975
2320,817.1684
2321,805.4849
2322,794.99744
2323,772.09534
2324,710.49146
2325,830.7895
2326,703.6098
2327,677.8156
2328,722.71765
2329,732.6271
2330,702.46844
2331,648.3317
2332,612.47595
2333,602.11
2334,597.2894
2335,589.6466
2336,577.06104
2337,563.1368
2338,554.1449
2339,549.3755
2340,543.335
2341,534.0413
2342,522.4553
2343,509.2311
2344,498.36096
2345,493.42087
2346,491.35266
2347,486.64914
2348,478.20114
2349,468.93576
2350,462.14496
2351,459.10513
2352,457.75372
2353,454.2152
2354,448.11243
2355,442.54523
2356,439.27737
2357,437.14014
2358,434.23288
2359,430.1937
2360,425.90903
2361,422.2005
2362,419.371
2363,416.99774
2364,414.2415
2365,410.6761
2366,406.58234
2367,402.68
2368,399.43335
2369,396.4555
2370,393.01096
2371,389.03088
2372,385.1972
2373,381.9519
2374,378.87756
2375,375.4923
2376,371.97723
2377,368.60693
2378,365.26862
2379,361.85657
2380,358.54617
2381,355.39337
2382,352.08627
2383,348.5782
2384,345.27368
2385,342.2035
2386,339.01016
2387,335.7243
2388,332.58533
2389,329.44412
2390,326.26752
2391,323.25412
2392,320.22604
2393,317.10495
2394,314.12476
2395,311.19748
2396,308.2603
2397,305.4434
2398,302.60037
2399,299.76367
2400,297.0367
2401,294.29218
2402,291.61945
2403,288.97293
2404,286.32037
2405,283.75412
2406,281.17993
2407,278.68375
2408,276.19977
2409,273.75742
2410,271.34796
2411,268.9704
2412,266.63766
2413,264.3371
2414,262.06815
2415,259.8234
2416,257.6132
2417,255.43529
2418,253.28203
2419,251.16467
2420,249.06107
2421,246.99788
2422,244.94998
2423,242.93475
2424,240.94817
2425,238.97733
2426,237.03934
2427,235.12521
2428,233.23111
2429,231.36751
2430,229.52763
2431,227.70404
2432,225.90369
2433,224.12877
2434,222.37405
2435,220.63786
2436,218.91873
2437,217.21883
2438,215.53824
2439,213.8775
2440,212.2366
2441,210.61557
2442,209.01828
2443,207.45297
2444,205.9528
2445,204.65761
2446,204.08728
2447,207.2723
2448,213.37851
2449,235.49551
2450,200.51552
2451,283.86285
2452,254.77003
2453,298.07843
2454,252.3331
2455,206.72581
2456,271.2391
2457,204.78862
2458,243.75911
2459,238.6747
2460,201.58293
2461,224.36891
2462,211.22693
2463,197.72552
2464,217.63797
2465,204.72795
2466,189.23337
2467,210.38383
2468,187.66978
2469,194.62547
2470,198.72902
2471,184.23006
2472,190.70029
2473,188.8399
2474,181.0494
2475,188.24437
2476,182.06828
2477,178.87851
2478,183.55002
2479,175.18655
2480,178.83232
2481,176.72919
2482,172.5771
2483,176.12206
2484,170.75214
2485,172.59222
2486,171.14423
2487,168.69962
2488,170.37619
2489,166.73592
2490,168.09906
2491,166.04068
2492,165.39438
2493,165.14757
2494,163.3299
2495,163.79453
2496,161.64835
2497,162.1208
2498,160.3169
2499,160.29431
2500,159.19423
2501,158.56761
2502,157.92532
2503,157.03676
2504,156.62921
2505,155.54796
2506,155.29257
2507,154.202
2508,153.93126
2509,152.89581
2510,152.61726
2511,151.63557
2512,151.30327
2513,150.39862
2514,150.02997
2515,149.18059
2516,148.77634
2517,147.98051
2518,147.5538
2519,146.79701
2520,146.33801
2521,145.62206
2522,145.14058
2523,144.46658
2524,143.94945
2525,143.32452
2526,142.77141
2527,142.19669
2528,141.60794
2529,141.07341
2530,140.461
2531,139.9471
2532,139.33965
2533,138.81512
2534,138.23883
2535,137.6829
2536,137.1438
2537,136.56517
2538,136.04008
2539,135.47156
2540,134.92834
2541,134.38977
2542,133.82764
2543,133.29916
2544,132.74841
2545,132.2026
2546,131.67256
2547,131.12189
2548,130.58585
2549,130.05307
2550,129.50754
2551,128.97572
2552,128.4437
2553,127.903496
2554,127.37336
2555,126.84434
2556,126.30893
2557,125.7797
2558,125.254486
2559,124.724625
2560,124.19641
2561,123.67388
2562,123.15054
2563,122.62531
2564,122.1038
2565,121.585785
2566,121.067215
2567,120.54838
2568,120.03236
2569,119.51952
2570,119.00792
2571,118.49657
2572,117.98666
2573,117.47937
2574,116.974846
2575,116.472435
2576,115.971596
2577,115.47231
2578,114.975006
2579,114.48004
2580,113.98756
2581,113.497635
2582,113.01032
2583,112.52568
2584,112.04384
2585,111.56495
2586,111.08942
2587,110.61847
2588,110.155106
2589,109.70822
2590,109.30898
2591,109.04691
2592,109.31645
2593,110.992744
2594,119.318535
2595,126.18407
2596,153.90105
2597,106.694305
2598,161.82108
2599,206.09369
2600,203.89194
2601,115.473366
2602,230.68835
2603,132.9467
2604,193.18445
2605,171.52094
2606,123.51438
2607,179.34438
2608,127.67215
2609,137.47586
2610,155.35825
2611,125.7544
2612,127.66962
2613,139.03642
2614,112.78368
2615,132.76517
2616,123.42607
2617,110.76303
2618,128.00946
2619,109.90292
2620,115.10933
2621,118.84013
2622,106.177345
2623,114.61259
2624,108.84367
2625,106.50582
2626,111.13562
2627,103.1631
2628,107.65292
2629,104.50255
2630,102.87871
2631,105.96854
2632,100.73068
2633,103.994865
2634,101.4358
2635,101.159744
2636,102.17944
2637,99.26762
2638,101.43857
2639,98.706566
2640,99.58945
2641,98.824554
2642,97.6566
2643,98.48088
2644,96.677574
2645,97.5598
2646,96.21493
2647,96.47177
2648,95.81592
2649,95.39707
2650,95.424866
2651,94.48727
2652,94.80729
2653,93.86815
2654,94.02605
2655,93.33468
2656,93.25184
2657,92.820694
2658,92.5222
2659,92.33066
2660,91.863686
2661,91.78071
2662,91.284485
2663,91.207855
2664,90.726036
2665,90.63877
2666,90.20205
2667,90.06656
2668,89.69494
2669,89.5139
2670,89.17853
2671,88.97259
2672,88.66585
2673,88.43085
2674,88.13887
2675,87.88606
2676,87.585846
2677,87.31109
2678,86.98958
2679,86.685974
2680,86.33837
2681,86.010284
2682,85.6401
2683,85.30949
2684,84.93868
2685,84.60199
2686,84.20493
2687,83.82719
2688,83.37199
2689,82.91318
2690,82.37613
2691,81.8238
2692,81.21019
2693,80.54514
2694,79.81689
2695,79.02263
2696,78.16336
2697,77.2562
2698,76.35755
2699,75.487724
2700,74.71189
2701,74.035255
2702,73.47204
2703,72.992134
2704,72.554695
2705,72.1243
2706,71.63108
2707,71.09181
2708,70.50663
2709,69.93654
2710,69.42577
2711,68.96688
2712,68.553314
2713,68.17953
2714,67.87467
2715,67.57901
2716,67.33949
2717,67.019936
2718,66.685036
2719,66.23792
2720,65.79187
2721,65.364204
2722,64.99199
2723,64.683105
2724,64.422516
2725,64.19455
2726,63.974125
2727,63.760372
2728,63.52581
2729,63.283405
2730,63.016716
2731,62.756622
2732,62.48809
2733,62.245125
2734,62.02148
2735,61.85022
2736,61.734413
2737,61.755
2738,61.947525
2739,62.505264
2740,63.350327
2741,64.439125
2742,64.9333
2743,63.86139
2744,62.010918
2745,60.139744
2746,59.488243
2747,60.038364
2748,60.96881
2749,61.48359
2750,60.889095
2751,59.868748
2752,58.84416
2753,58.391266
2754,58.52299
2755,58.940727
2756,59.3487
2757,59.3534
2758,59.108242
2759,58.504128
2760,57.911694
2761,57.441463
2762,57.208588
2763,57.181797
2764,57.281803
2765,57.453438
2766,57.60607
2767,57.810623
2768,57.91071
2769,58.121433
2770,58.150425
2771,58.332718
2772,58.184776
2773,58.144894
2774,57.701088
2775,57.327778
2776,56.734303
2777,56.25781
2778,55.82976
2779,55.5373
2780,55.349033
2781,55.244923
2782,55.20288
2783,55.21556
2784,55.310074
2785,55.523144
2786,56.04008
2787,56.904346
2788,58.855103
2789,60.99557
2790,65.20458
2791,64.611916
2792,63.566666
2793,57.402794
2794,54.564354
2795,55.979057
2796,58.720478
2797,60.34925
2798,57.296364
2799,54.676605
2800,54.09548
2801,55.478054
2802,57.280415
2803,56.783604
2804,55.378517
2805,53.880875
2806,53.788425
2807,54.726788
2808,55.162144
2809,54.80322
2810,53.80509
2811,53.329815
2812,53.58268
2813,54.06482
2814,54.33227
2815,53.980392
2816,53.478676
2817,53.051422
2818,52.94633
2819,53.103817
2820,53.313526
2821,53.439285
2822,53.307938
2823,53.084763
2824,52.796177
2825,52.588593
2826,52.490993
2827,52.49395
2828,52.558495
2829,52.63723
2830,52.739784
2831,52.812714
2832,52.957794
2833,53.07148
2834,53.36351
2835,53.595676
2836,54.18646
2837,54.550247
2838,55.504967
2839,55.654823
2840,56.429703
2841,55.636105
2842,55.228832
2843,53.74395
2844,52.685375
2845,51.88094
2846,51.60896
2847,51.77469
2848,52.229794
2849,52.97819
2850,53.69067
2851,54.944027
2852,55.388878
2853,56.39004
2854,55.26078
2855,54.276512
2856,52.425426
2857,51.394073
2858,51.33924
2859,52.022503
2860,53.05516
2861,53.5508
2862,54.062637
2863,53.462616
2864,52.937233
2865,51.928486
2866,51.228786
2867,50.893314
2868,50.97623
2869,51.32702
2870,51.666046
2871,51.976067
2872,51.91791
2873,51.829445
2874,51.466885
2875,51.16655
2876,50.851254
2877,50.639862
2878,50.514637
2879,50.47148
2880,50.493355
2881,50.56304
2882,50.68774
2883,50.847008
2884,51.145226
2885,51.491756
2886,52.23088
2887,52.90153
2888,54.42958
2889,54.998814
2890,56.615856
2891,55.349026
2892,54.54156
2893,52.036144
2894,50.50116
2895,50.08047
2896,50.72788
2897,52.002018
2898,52.83914
2899,53.805573
2900,53.122013
2901,52.495735
2902,51.032024
2903,50.086697
2904,49.82271
2905,50.207157
2906,50.88679
2907,51.221405
2908,51.38522
2909,50.90028
2910,50.420956
2911,49.89428
2912,49.60726
2913,49.567825
2914,49.713577
2915,49.955368
2916,50.14751
2917,50.34734
2918,50.3447
2919,50.360085
2920,50.172905
2921,50.0318
2922,49.798584
2923,49.624813
2924,49.452114
2925,49.328598
2926,49.236378
2927,49.17674
2928,49.138794
2929,49.11474
2930,49.101013
2931,49.099
2932,49.11768
2933,49.16753
2934,49.292946
2935,49.52159
2936,50.05837
2937,50.90644
2938,53.0275
2939,55.390587
2940,61.506603
2941,61.466267
2942,63.31432
2943,53.911484
2944,49.380314
2945,51.280098
2946,54.783257
2947,56.513664
2948,51.572353
2949,48.914158
2950,50.237926
2951,52.587845
2952,53.69503
2953,50.688183
2954,48.793617
2955,49.695206
2956,51.083935
2957,51.128845
2958,49.31545
2959,48.691994
2960,49.754887
2961,50.3296
2962,49.88912
2963,48.815704
2964,48.611015
2965,49.326515
2966,49.5988
2967,49.230347
2968,48.587494
2969,48.46241
2970,48.89367
2971,49.082443
2972,48.88938
2973,48.469505
2974,48.2905
2975,48.490597
2976,48.66344
2977,48.639267
2978,48.38854
2979,48.17581
2980,48.191723
2981,48.306435
2982,48.400887
2983,48.345337
2984,48.19506
2985,48.066296
2986,48.004272
2987,48.02838
2988,48.08324
2989,48.110737
2990,48.093025
2991,48.03595
2992,47.958748
2993,47.889755
2994,47.834145
2995,47.807774
2996,47.794037
2997,47.796314
2998,47.80504
2999,47.81264
3000,47.829998
3001,47.84253
3002,47.87631
3003,47.9106
3004,47.9905
3005,48.087166
3006,48.30636
3007,48.563873
3008,49.14884
3009,49.733
3010,51.160076
3011,52.012238
3012,54.30564
3013,53.631287
3014,53.76478
3015,50.596786
3016,48.44887
3017,47.515022
3018,48.20523
3019,49.811905
3020,50.603546
3021,51.225063
3022,49.86289
3023,48.64524
3024,47.561234
3025,47.401268
3026,47.982285
3027,48.567123
3028,48.88748
3029,48.371483
3030,47.793663
3031,47.318325
3032,47.23494
3033,47.473804
3034,47.77831
3035,48.013103
3036,47.89843
3037,47.679836
3038,47.35045
3039,47.135273
3040,47.077087
3041,47.155045
3042,47.300053
3043,47.40885
3044,47.48546
3045,47.436413
3046,47.363514
3047,47.218277
3048,47.09052
3049,46.97768
3050,46.90733
3051,46.876713
3052,46.878067
3053,46.901863
3054,46.939186
3055,46.99826
3056,47.067207
3057,47.189987
3058,47.32459
3059,47.597755
3060,47.875275
3061,48.499634
3062,49.013584
3063,50.2927
3064,50.810184
3065,52.451973
3066,51.661003
3067,51.5437
3068,49.186592
3069,47.57263
3070,46.692677
3071,46.9387
3072,47.949863
3073,48.84595
3074,49.863693
3075,49.429676
3076,49.012993
3077,47.697212
3078,46.816418
3079,46.54041
3080,46.88417
3081,47.509735
3082,47.800232
3083,47.91992
3084,47.452805
3085,46.999737
3086,46.569344
3087,46.393272
3088,46.460823
3089,46.659138
3090,46.877815
3091,46.937614
3092,46.92823
3093,46.748863
3094,46.572754
3095,46.39514
3096,46.284786
3097,46.241493
3098,46.25396
3099,46.302055
3100,46.360085
3101,46.426888
3102,46.465633
3103,46.515278
3104,46.525467
3105,46.56965
3106,46.57708
3107,46.644478
3108,46.6752
3109,46.80473
3110,46.88606
3111,47.136513
3112,47.299686
3113,47.772324
3114,48.027065
3115,48.810867
3116,48.975033
3117,49.808792
3118,49.320595
3119,49.311607
3120,48.059296
3121,47.172516
3122,46.302425
3123,45.930325
3124,46.00163
3125,46.376076
3126,46.96784
3127,47.4252
3128,48.081924
3129,48.052097
3130,48.160465
3131,47.41749
3132,46.79975
3133,46.12424
3134,45.800926
3135,45.828754
3136,46.10555
3137,46.532803
3138,46.860588
3139,47.283043
3140,47.276733
3141,47.338978
3142,46.87749
3143,46.47342
3144,45.985615
3145,45.701538
3146,45.63504
3147,45.751984
3148,45.98795
3149,46.234856
3150,46.563927
3151,46.7278
3152,47.00341
3153,46.906666
3154,46.88171
3155,46.49623
3156,46.193832
3157,45.83967
3158,45.61503
3159,45.490906
3160,45.4591
3161,45.49332
3162,45.575577
3163,45.714214
3164,45.880455
3165,46.155975
3166,46.399544
3167,46.867165
3168,47.143433
3169,47.836296
3170,47.995407
3171,48.740505
3172,48.408432
3173,48.569275
3174,47.549683
3175,46.84783
3176,45.921967
3177,45.40462
3178,45.273243
3179,45.47359
3180,45.89792
3181,46.32356
3182,46.907875
3183,47.072136
3184,47.398872
3185,46.969345
3186,46.62734
3187,45.919285
3188,45.42844
3189,45.163925
3190,45.173813
3191,45.385994
3192,45.682465
3193,46.081882
3194,46.322426
3195,46.68605
3196,46.602757
3197,46.590393
3198,46.11613
3199,45.728252
3200,45.308617
3201,45.07048
3202,44.99899
3203,45.063625
3204,45.224224
3205,45.425503
3206,45.716824
3207,45.92992
3208,46.273537
3209,46.325695
3210,46.511353
3211,46.277752
3212,46.18048
3213,45.81426
3214,45.587406
3215,45.3058
3216,45.127014
3217,44.978863
3218,44.88681
3219,44.82751
3220,44.795353
3221,44.78142
3222,44.780106
3223,44.78927
3224,44.80923
3225,44.849865
3226,44.914562
3227,45.044502
3228,45.234974
3229,45.642593
3230,46.170116
3231,47.393375
3232,48.496372
3233,51.277225
3234,51.603474
3235,53.519947
3236,49.82144
3237,47.083908
3238,44.925995
3239,45.267315
3240,47.318962
3241,48.529385
3242,49.47634
3243,47.42435
3244,45.695137
3245,44.670315
3246,45.097034
3247,46.22653
3248,46.436367
3249,46.02516
3250,45.009487
3251,44.556263
3252,44.787376
3253,45.307793
3254,45.737545
3255,45.48586
3256,45.04026
3257,44.588898
3258,44.50415
3259,44.735134
3260,44.97438
3261,45.062588
3262,44.85354
3263,44.60843
3264,44.42533
3265,44.398422
3266,44.49336
3267,44.60137
3268,44.65931
3269,44.595135
3270,44.48927
3271,44.372917
3272,44.305756
3273,44.29608
3274,44.328495
3275,44.378384
3276,44.413807
3277,44.436493
3278,44.419678
3279,44.394695
3280,44.346363
3281,44.3025
3282,44.256226
3283,44.21948
3284,44.188457
3285,44.164864
3286,44.145863
3287,44.130226
3288,44.116432
3289,44.10367
3290,44.09161
3291,44.080162
3292,44.068966
3293,44.05783
3294,44.04669
3295,44.035576
3296,44.024708
3297,44.014168
3298,44.004112
3299,43.99493
3300,43.987553
3301,43.98397
3302,43.989113
3303,44.01152
3304,44.076878
3305,44.2237
3306,44.602905
3307,45.351334
3308,47.407906
3309,50.38588
3310,58.975826
3311,60.15417
3312,65.47572
3313,50.126495
3314,45.042282
3315,51.097298
3316,52.73626
3317,50.49298
3318,44.74537
3319,46.149693
3320,51.092213
3321,48.725544
3322,44.990013
3323,44.616543
3324,47.119427
3325,47.387985
3326,44.435875
3327,44.68696
3328,46.942436
3329,46.00903
3330,44.3114
3331,44.234184
3332,45.404552
3333,45.51367
3334,44.18204
3335,44.18682
3336,45.060905
3337,44.692425
3338,43.92717
3339,44.034447
3340,44.53833
3341,44.443096
3342,43.884254
3343,43.865437
3344,44.233814
3345,44.14409
3346,43.80156
3347,43.75856
3348,43.974297
3349,44.014633
3350,43.76817
3351,43.657898
3352,43.77204
3353,43.85339
3354,43.75817
3355,43.61466
3356,43.607765
3357,43.694374
3358,43.70375
3359,43.621655
3360,43.53971
3361,43.53936
3362,43.585846
3363,43.595524
3364,43.55215
3365,43.48956
3366,43.461887
3367,43.474876
3368,43.491104
3369,43.483376
3370,43.446426
3371,43.41033
3372,43.392906
3373,43.394985
3374,43.400394
3375,43.393356
3376,43.373466
3377,43.34703
3378,43.326614
3379,43.31582
3380,43.312077
3381,43.30915
3382,43.301014
3383,43.287827
3384,43.270706
3385,43.25354
3386,43.239048
3387,43.22775
3388,43.219036
3389,43.211693
3390,43.204144
3391,43.195137
3392,43.184765
3393,43.17291
3394,43.1604
3395,43.14764
3396,43.135166
3397,43.123035
3398,43.111332
3399,43.10017
3400,43.089455
3401,43.079006
3402,43.06876
3403,43.0587
3404,43.04881
3405,43.039116
3406,43.029697
3407,43.020756
3408,43.012524
3409,43.00563
3410,43.0007
3411,42.999725
3412,43.004673
3413,43.02252
3414,43.05931
3415,43.1418
3416,43.28609
3417,43.60357
3418,44.102608
3419,45.257526
3420,46.619564
3421,50.062386
3422,51.179367
3423,54.96568
3424,49.831825
3425,45.998165
3426,43.191635
3427,44.41307
3428,47.940807
3429,48.352123
3430,47.98535
3431,44.49151
3432,42.94439
3433,43.843372
3434,45.174664
3435,45.49561
3436,43.773376
3437,42.852108
3438,43.430954
3439,44.35476
3440,44.728943
3441,43.751575
3442,42.92538
3443,42.912827
3444,43.480576
3445,43.816505
3446,43.345024
3447,42.84839
3448,42.80139
3449,43.1397
3450,43.401337
3451,43.18814
3452,42.857304
3453,42.68401
3454,42.79792
3455,42.995644
3456,42.98211
3457,42.822227
3458,42.65303
3459,42.624485
3460,42.720665
3461,42.800327
3462,42.793076
3463,42.688713
3464,42.583687
3465,42.541122
3466,42.57125
3467,42.62243
3468,42.64087
3469,42.62178
3470,42.563313
3471,42.506588
3472,42.46763
3473,42.454628
3474,42.46334
3475,42.477535
3476,42.48799
3477,42.485443
3478,42.472275
3479,42.447407
3480,42.420567
3481,42.392258
3482,42.36924
3483,42.35073
3484,42.33672
3485,42.32666
3486,42.318474
3487,42.31209
3488,42.307014
3489,42.30343
3490,42.302444
3491,42.30678
3492,42.32246
3493,42.34945
3494,42.417282
3495,42.45963
3496,42.55599
3497,42.710896
3498,42.94817
3499,43.458183
3500,43.930714
3501,45.07688
3502,45.75991
3503,47.563698
3504,47.167404
3505,47.674694
3506,45.249794
3507,43.541004
3508,42.305317
3509,42.350296
3510,43.355614
3511,44.386288
3512,45.579407
3513,44.98703
3514,44.330162
3515,42.860638
3516,42.159946
3517,42.403225
3518,43.104652
3519,43.810734
3520,43.622936
3521,43.2492
3522,42.512436
3523,42.078495
3524,42.059616
3525,42.339127
3526,42.63624
3527,42.602604
3528,42.413445
3529,42.123005
3530,41.96197
3531,41.974003
3532,42.099476
3533,42.24024
3534,42.267372
3535,42.214973
3536,42.063774
3537,41.93164
3538,41.863262
3539,41.875305
3540,41.93755
3541,42.000084
3542,42.048347
3543,42.04144
3544,42.01353
3545,41.9445
3546,41.876736
3547,41.812397
3548,41.76779
3549,41.74331
3550,41.73677
3551,41.74297
3552,41.757015
3553,41.780014
3554,41.808636
3555,41.854706
3556,41.905388
3557,41.992397
3558,42.087673
3559,42.261765
3560,42.447803
3561,42.827732
3562,43.163258
3563,43.97352
3564,44.366188
3565,45.520126
3566,45.24675
3567,45.57206
3568,44.14555
3569,43.115562
3570,42.014828
3571,41.577698
3572,41.726765
3573,42.24971
3574,43.03561
3575,43.445477
3576,43.970234
3577,43.41471
3578,42.85402
3579,41.98195
3580,41.51572
3581,41.56062
3582,41.96891
3583,42.539406
3584,42.839207
3585,43.153805
3586,42.774082
3587,42.36777
3588,41.764877
3589,41.438515
3590,41.470173
3591,41.757446
3592,42.141308
3593,42.31138
3594,42.430862
3595,42.18742
3596,41.938152
3597,41.584152
3598,41.362625
3599,41.313343
3600,41.416077
3601,41.60359
3602,41.753334
3603,41.892006
3604,41.87372
3605,41.854275
3606,41.690266
3607,41.536827
3608,41.35492
3609,41.231678
3610,41.17735
3611,41.18744
3612,41.24218
3613,41.320183
3614,41.43163
3615,41.540794
3616,41.70321
3617,41.796234
3618,41.949734
3619,41.95817
3620,42.06756
3621,42.02281
3622,42.13507
3623,42.089046
3624,42.224926
3625,42.158222
3626,42.259018
3627,42.11036
3628,42.089874
3629,41.86097
3630,41.743484
3631,41.53215
3632,41.41492
3633,41.277496
3634,41.19837
3635,41.120583
3636,41.07366
3637,41.03079
3638,41.003624
3639,40.979233
3640,40.966034
3641,40.956455
3642,40.9602
3643,40.970615
3644,41.005608
3645,41.0572
3646,41.169636
3647,41.318863
3648,41.63066
3649,41.991924
3650,42.795345
3651,43.47474
3652,45.17104
3653,45.573505
3654,47.23003
3655,45.416748
3656,44.18482
3657,41.8275
3658,40.81044
3659,41.1871
3660,42.35847
3661,43.981155
3662,44.106148
3663,44.19157
3664,42.396645
3665,41.11792
3666,40.79898
3667,41.46753
3668,42.46584
3669,42.555176
3670,42.338264
3671,41.4175
3672,40.78715
3673,40.640812
3674,40.948956
3675,41.332397
3676,41.28952
3677,41.037437
3678,40.698746
3679,40.56062
3680,40.650543
3681,40.834366
3682,40.97157
3683,40.90169
3684,40.743263
3685,40.558216
3686,40.478333
3687,40.519596
3688,40.617985
3689,40.703987
3690,40.69615
3691,40.642548
3692,40.53779
3693,40.446957
3694,40.3894
3695,40.37563
3696,40.395836
3697,40.430233
3698,40.466522
3699,40.484657
3700,40.49613
3701,40.483093
3702,40.4723
3703,40.440594
3704,40.412884
3705,40.374313
3706,40.344322
3707,40.315624
3708,40.295303
3709,40.27947
3710,40.269547
3711,40.264866
3712,40.269882
3713,40.283764
3714,40.318535
3715,40.370884
3716,40.48121
3717,40.639385
3718,40.976612
3719,41.421967
3720,42.399303
3721,43.32465
3722,45.52485
3723,45.873913
3724,47.660923
3725,44.77095
3726,42.629658
3727,40.479275
3728,40.31813
3729,41.779903
3730,43.259068
3731,44.93342
3732,43.60685
3733,42.21558
3734,40.43474
3735,40.300053
3736,41.430065
3737,41.998493
3738,41.974583
3739,40.84824
3740,40.093433
3741,40.028847
3742,40.502262
3743,40.962322
3744,40.707504
3745,40.222176
3746,39.91487
3747,40.055748
3748,40.39892
3749,40.493866
3750,40.35588
3751,40.022804
3752,39.83886
3753,39.89035
3754,40.043175
3755,40.121555
3756,40.01456
3757,39.863255
3758,39.765755
3759,39.772858
3760,39.843307
3761,39.89421
3762,39.8931
3763,39.81983
3764,39.7359
3765,39.677563
3766,39.666946
3767,39.69225
3768,39.724594
3769,39.74673
3770,39.73869
3771,39.71545
3772,39.67284
3773,39.629562
3774,39.58892
3775,39.558556
3776,39.54029
3777,39.532738
3778,39.532375
3779,39.5356
3780,39.54203
3781,39.550373
3782,39.563423
3783,39.57904
3784,39.601933
3785,39.632862
3786,39.680965
3787,39.749
3788,39.866093
3789,40.01219
3790,40.306225
3791,40.595345
3792,41.24365
3793,41.64111
3794,42.677475
3795,42.740917
3796,43.44815
3797,42.44253
3798,41.78957
3799,40.41193
3800,39.59424
3801,39.300934
3802,39.539574
3803,40.13528
3804,40.663013
3805,41.301804
3806,41.097515
3807,40.83664
3808,39.990875
3809,39.388897
3810,39.203003
3811,39.444218
3812,39.918144
3813,40.27687
3814,40.644234
3815,40.42146
3816,40.134727
3817,39.562325
3818,39.191822
3819,39.14135
3820,39.37073
3821,39.721867
3822,39.904602
3823,40.01785
3824,39.801315
3825,39.562225
3826,39.236526
3827,39.045887
3828,39.03014
3829,39.149025
3830,39.333447
3831,39.459812
3832,39.565605
3833,39.51538
3834,39.44908
3835,39.268036
3836,39.102524
3837,38.951706
3838,38.87681
3839,38.881275
3840,38.939793
3841,39.030083
3842,39.12205
3843,39.25217
3844,39.33981
3845,39.456573
3846,39.448593
3847,39.464333
3848,39.365604
3849,39.336227
3850,39.245403
3851,39.23001
3852,39.174496
3853,39.18487
3854,39.157818
3855,39.1799
3856,39.15563
3857,39.186058
3858,39.177612
3859,39.261753
3860,39.306187
3861,39.496563
3862,39.618515
3863,39.97003
3864,40.13344
3865,40.58917
3866,40.585045
3867,40.8983
3868,40.51271
3869,40.405396
3870,39.765205
3871,39.337376
3872,38.86709
3873,38.590706
3874,38.47387
3875,38.50032
3876,38.630722
3877,38.80298
3878,39.02279
3879,39.14965
3880,39.322285
3881,39.27284
3882,39.270763
3883,39.07
3884,38.92932
3885,38.720432
3886,38.57085
3887,38.43944
3888,38.355377
3889,38.302532
3890,38.27777
3891,38.275528
3892,38.2894
3893,38.31503
3894,38.345108
3895,38.39116
3896,38.43893
3897,38.52284
3898,38.607525
3899,38.777832
3900,38.936584
3901,39.288254
3902,39.552837
3903,40.20037
3904,40.491646
3905,41.35106
3906,41.224125
3907,41.55616
3908,40.527493
3909,39.79796
3910,38.744026
3911,38.1688
3912,38.05127
3913,38.316574
3914,38.83791
3915,39.298252
3916,39.896564
3917,39.79706
3918,39.6535
3919,38.870113
3920,38.25758
3921,37.937263
3922,38.01814
3923,38.375374
3924,38.768806
3925,39.23829
3926,39.268753
3927,39.245052
3928,38.6769
3929,38.166603
3930,37.845577
3931,37.87391
3932,38.15983
3933,38.47803
3934,38.804886
3935,38.814034
3936,38.780228
3937,38.388794
3938,38.021164
3939,37.74842
3940,37.708286
3941,37.86457
3942,38.09332
3943,38.35797
3944,38.471188
3945,38.589073
3946,38.422733
3947,38.225384
3948,37.894024
3949,37.65702
3950,37.554054
3951,37.584015
3952,37.699604
3953,37.847786
3954,38.048798
3955,38.184696
3956,38.34499
3957,38.276653
3958,38.196587
3959,37.959034
3960,37.78207
3961,37.613102
3962,37.50385
3963,37.424156
3964,37.375046
3965,37.350307
3966,37.343414
3967,37.346462
3968,37.355087
3969,37.37378
3970,37.402718
3971,37.458687
3972,37.53438
3973,37.685677
3974,37.87667
3975,38.26492
3976,38.64941
3977,39.469105
3978,39.966423
3979,41.20424
3980,41.144928
3981,41.67745
3982,40.142754
3983,38.91845
3984,37.567104
3985,37.135384
3986,37.562634
3987,38.389168
3988,39.475834
3989,39.649258
3990,39.784508
3991,38.55523
3992,37.523712
3993,37.057335
3994,37.41864
3995,38.204422
3996,38.5835
3997,38.767006
3998,38.129715
3999,37.513016
