,0,1,2,3,4,5,6,7,8,9,10,11,12,13,14,15,16,17,TRUE,-1.0842,-0.1245,0.3137,-0.7008,-0.3754,-0.2064,0.3166,0.3251,0.2135,-0.5449,-0.3052,-0.1952,-0.4057,0.5129,0.3655,0.0054,-0.2911,0.2066
0,-1.021780729,-0.117891528,0.232332513,-0.697394729,-0.391069382,-0.186979041,0.329791039,0.407063425,0.276322126,-0.458366036,-0.323584557,-0.273773164,-0.412941694,0.534610927,0.457891256,0.034119889,-0.2551153,0.295204669,,0.003896165,4.37E-05,0.006620668,1.16E-05,0.00024553,0.000377174,0.000174004,0.006718003,0.00394662,0.008378467,0.000337992,0.006173742,5.24E-05,0.000471364,0.008536144,0.000824832,0.001294899,0.007850787
1,-1.096961498,-0.131611526,0.215478152,-0.676113486,-0.358723581,-0.128455088,0.340235263,0.46785605,0.289258122,-0.590798795,-0.25221774,-0.237132043,-0.344188571,0.503699243,0.385063976,0.051828094,-0.197709009,0.268052518,,0.000162856,5.06E-05,0.009647531,0.000609424,0.000278103,0.006075409,0.000558626,0.02037929,0.005739293,0.001672711,0.00280712,0.001758296,0.003783656,8.47E-05,0.000382749,0.002155568,0.008721877,0.003776412
2,-1.015287876,-0.13004522,0.284237504,-0.716104031,-0.368402123,-0.246967897,0.283392996,0.339991987,0.296571702,-0.470389456,-0.366082877,-0.220488638,-0.403935522,0.564219356,0.350902736,-0.048671924,-0.249774456,0.321677774,,0.004748881,3.07E-05,0.000868039,0.000234213,4.90E-05,0.001645754,0.001102705,0.000221771,0.006900908,0.006321927,0.003706725,0.000639515,3.11E-06,0.002633676,0.00021308,0.002923773,0.001707801,0.013242894
3,-1.109653831,-0.18566677,0.254784763,-0.709281564,-0.384320945,-0.206344441,0.226032525,0.318680882,0.283862144,-0.559571326,-0.330483139,-0.229529902,-0.431991011,0.465475142,0.322177976,-0.092757307,-0.280157655,0.252390265,,0.000647898,0.003741374,0.003471005,7.19E-05,7.96E-05,3.09E-09,0.008202468,4.12E-05,0.004950831,9.35E-05,0.000639237,0.001178542,0.000691217,0.002249117,0.001876798,0.009634857,0.000119735,0.002096748
4,-0.796112299,-0.212851033,0.201819271,-0.665910482,-0.188457578,-0.318845242,0.280358702,0.359370947,0.45339638,-0.25883773,-0.48237282,-0.26095736,-0.313342541,0.713266551,0.420587271,-0.087580428,-0.275634259,0.403413951,,0.082994523,0.007805905,0.012517298,0.001217278,0.034947469,0.012643932,0.001313432,0.001174498,0.057550273,0.084717245,0.031390208,0.00432403,0.0085299,0.040146755,0.003034607,0.00864536,0.000239189,0.038735731
5,-1.120157957,-0.169600084,0.25818342,-0.671046793,-0.335518211,-0.17853111,0.31064859,0.323054433,0.249422476,-0.572816551,-0.354756176,-0.229098752,-0.371700972,0.520698786,0.378042221,-0.014645943,-0.310067475,0.22067982,,0.001292975,0.002034018,0.003082091,0.000885253,0.001590557,0.000776675,3.54E-05,4.18E-06,0.001290424,0.000525168,0.002455815,0.001149125,0.001155934,6.08E-05,0.000157307,0.00040184,0.000359765,0.000198241
6,-0.657656908,9.50E-05,0.44829613,-0.431082189,-0.181319952,-0.382905841,0.234633654,0.292362303,0.310568243,-0.051654838,-0.390216649,-0.199410558,-0.040940106,0.770555556,0.551208913,-0.106765598,-0.211880744,0.405342281,,0.181939009,0.015523914,0.018116118,0.072747698,0.037667065,0.031154312,0.006718482,0.001071757,0.009422244,0.248248241,0.007227831,1.77E-05,0.13304978,0.066386386,0.0344878,0.012581121,0.006275691,0.039498494
7,-1.003963947,-0.224039063,0.289141029,-0.724902272,-0.32726866,-0.256883055,0.301693916,0.376313835,0.384705931,-0.520086646,-0.425425649,-0.295647949,-0.38821888,0.626052856,0.38282004,-0.041251071,-0.197081253,0.395685732,,0.006437824,0.009908025,0.000603143,0.00058092,0.002316626,0.002548539,0.000222191,0.002622857,0.029311471,0.000888836,0.014454207,0.01008979,0.00030559,0.012803569,0.000299984,0.002176322,0.008839525,0.035753414
8,-1.056815386,-0.157181501,0.198585272,-0.693410873,-0.348842919,-0.161091805,0.249039054,0.390229613,0.341375142,-0.517981172,-0.248727873,-0.238340706,-0.40000996,0.510387659,0.413346082,-0.040331867,-0.2338375,0.304464012,,0.000749917,0.001068081,0.013251401,5.46E-05,0.000705279,0.002052833,0.004564481,0.004241866,0.016352052,0.001018812,0.003189101,0.001861121,3.24E-05,6.31E-06,0.002289248,0.002091404,0.003278994,0.009577365
9,-1.003411055,-0.123356692,0.307343751,-0.686717272,-0.361242384,-0.224481538,0.307970762,0.356394976,0.324842244,-0.477014959,-0.387411982,-0.255182654,-0.428461581,0.552143991,0.390731812,-0.013884518,-0.254391134,0.32172668,,0.006526854,1.31E-06,4.04E-05,0.000198323,0.000200438,0.000326942,7.45E-05,0.000979376,0.012397095,0.005312229,0.00675881,0.003597919,0.00051809,0.001540091,0.000636644,0.000371893,0.001347541,0.013254152
10,-1.08558023,-0.087417237,0.297401845,-0.674771905,-0.368226945,-0.201575503,0.290113479,0.453780979,0.347240776,-0.530843496,-0.270570487,-0.219118282,-0.392964482,0.524612784,0.397577554,-0.014845543,-0.251918912,0.300262451,,1.91E-06,0.001375131,0.00026563,0.000677462,5.15E-05,2.33E-05,0.000701536,0.016558794,0.017886595,0.00036315,0.001199203,0.000572084,0.000162193,0.000137189,0.001028969,0.000409882,0.001535158,0.008772655
11,-1.050522447,-0.207535535,0.302722126,-0.723821163,-0.2999686,-0.20163627,0.248496681,0.389623076,0.361761361,-0.546768546,-0.401720792,-0.261066437,-0.438426465,0.587136507,0.374096692,-0.057572946,-0.252659798,0.331335306,,0.001134178,0.0068949,0.000120514,0.000529974,0.005689896,2.27E-05,0.004638062,0.004163227,0.021981431,9.81E-06,0.009316263,0.004338388,0.001071022,0.005511059,7.39E-05,0.003965592,0.001477649,0.015558897
12,-1.048024893,-0.20428519,0.307938665,-0.714172363,-0.275469393,-0.243357465,0.315469354,0.406970441,0.357682824,-0.522289753,-0.373675644,-0.231454775,-0.386189222,0.639407456,0.427812755,0.014255796,-0.247114792,0.344207942,,0.001308638,0.006365677,3.32E-05,0.00017882,0.009986126,0.001365854,1.28E-06,0.006702769,0.020788687,0.000762326,0.004688914,0.001314409,0.00038067,0.016004136,0.003882879,7.84E-05,0.001934699,0.018935946
13,0.063823394,0.192169368,-0.030453181,-0.258280277,0.076008424,-0.508539259,0.174764171,0.277917534,0.503890693,0.845243335,-0.235341042,0.012495061,0.229546621,0.876148403,0.484686702,-0.178878114,-0.295600772,0.429571867,,1.317957713,0.100279489,0.118441412,0.195823705,0.203769565,0.091288132,0.020117402,0.002226185,0.084326755,1.946424925,0.004880274,0.043137238,0.403538269,0.131949402,0.01420547,0.033958423,2.03E-05,0.049716453
14,-1.067349672,-0.139305502,0.398754686,-0.746712446,-0.30227533,-0.239961609,0.273089051,0.357180715,0.402062684,-0.55506593,-0.438786387,-0.173791543,-0.401807964,0.647412717,0.42896986,-0.0792799,-0.322950065,0.370495021,,0.000283934,0.000219203,0.0072343,0.002107953,0.005347217,0.001126382,0.001893203,0.001029172,0.035555886,2.67E-05,0.017845323,0.000458322,1.51E-05,0.018093671,0.004028423,0.007170685,0.001014427,0.026861578
15,-1.097810984,-0.114669666,0.203758627,-0.680720091,-0.408057779,-0.156806827,0.223145604,0.341751665,0.222391486,-0.529251873,-0.288532346,-0.265631944,-0.39139694,0.464346349,0.342296571,-0.078111038,-0.235852316,0.194891557,,0.000185259,9.66E-05,0.012087105,0.000403203,0.001066531,0.002459483,0.008733724,0.000277278,7.91E-05,0.000426345,0.000277811,0.004960659,0.000204578,0.002357457,0.000538399,0.006974093,0.003052307,0.000137088
16,-1.068518758,-0.16589734,0.257213771,-0.644577622,-0.276107818,-0.214967176,0.290579081,0.29386422,0.231410608,-0.562833667,-0.313445449,-0.237447828,-0.283179313,0.540561199,0.388587892,-0.037145976,-0.256748676,0.236679584,,0.000245901,0.00171374,0.003190694,0.003160956,0.009858937,7.34E-05,0.000677088,0.000975674,0.00032079,0.00016728,6.80E-05,0.001784879,0.015011319,0.000765142,0.000533051,0.00181016,0.001180013,0.000904781
17,-1.036719918,-0.159602225,0.231531858,-0.70537281,-0.309822351,-0.199509546,0.276790053,0.400502652,0.310689837,-0.507282078,-0.351149589,-0.232246339,-0.346990198,0.539230764,0.366932988,-0.023215231,-0.30177325,0.248732358,,0.002254358,0.001232166,0.006751604,2.09E-05,0.004300428,4.75E-05,0.001584832,0.00568556,0.009445864,0.001816287,0.002111365,0.001372431,0.003446841,0.000693309,2.05E-06,0.000818831,0.000113918,0.001775136
18,-1.030161381,-0.100717761,0.233966723,-0.687613666,-0.364504755,-0.222163364,0.271847308,0.300177246,0.326357096,-0.47295925,-0.31443435,-0.271635145,-0.389879704,0.481714457,0.353265226,-0.060574479,-0.32128641,0.265966237,,0.002920172,0.000565595,0.006357395,0.000173879,0.000118706,0.000248484,0.002002803,0.000621144,0.012736724,0.005919879,8.53E-05,0.005842331,0.000250282,0.000972538,0.00014969,0.004352632,0.000911219,0.00352435
19,-1.162416697,-0.056072302,0.284632593,-0.696493804,-0.446635425,-0.180806085,0.294799358,0.292713642,0.165608555,-0.605321407,-0.26487264,-0.176900506,-0.394004554,0.434697926,0.350390702,-0.008740917,-0.318284899,0.099764928,,0.006117852,0.00468235,0.000844914,1.85E-05,0.005074486,0.000655048,0.000475268,0.001048876,0.002293591,0.003071532,0.001626296,0.000334871,0.000136783,0.006115564,0.000228291,0.000199966,0.000739019,0.011413733
20,-1.031368017,-0.064520881,0.218919814,-0.578205645,-0.347784281,-0.268535465,0.268847197,0.324528337,0.181984007,-0.456981152,-0.263078719,-0.198861152,-0.284237951,0.489472777,0.327902287,-0.070180334,-0.292580545,0.166542485,,0.002791218,0.003597495,0.008983284,0.015029376,0.000762628,0.003860816,0.00228033,3.27E-07,0.000993258,0.008633912,0.001774202,1.34E-05,0.014753029,0.000548835,0.001413588,0.005712387,2.19E-06,0.001604605
21,-1.053497672,-0.105552867,0.275819749,-0.659534037,-0.381977439,-0.207883939,0.222522765,0.351328194,0.355672956,-0.508502483,-0.340366155,-0.262595057,-0.397712648,0.513040721,0.35887602,-0.077715352,-0.271136254,0.274213433,,0.000942633,0.000358994,0.001434913,0.00170288,4.33E-05,2.20E-06,0.008850526,0.000687918,0.020213149,0.001713754,0.001236658,0.004542094,6.38E-05,1.98E-08,4.39E-05,0.006908162,0.000398551,0.004571576
22,-0.632233381,-0.124659881,0.054216526,-0.578840077,-0.261425078,-0.365192771,0.192077994,0.35079354,0.40839988,-0.092786849,-0.418009698,-0.345994264,-0.183478251,0.630544782,0.343380243,-0.185431018,-0.271050692,0.313351303,,0.204273825,2.56E-08,0.067331673,0.014874223,0.012990283,0.025215144,0.01550573,0.000660158,0.037985963,0.208952433,0.012726028,0.02273891,0.049382506,0.013840295,0.000489284,0.036416477,0.000401975,0.011395841
23,-1.067198277,-0.13012892,0.293085247,-0.678094149,-0.314313054,-0.217503354,0.314445585,0.350072503,0.233126804,-0.561457813,-0.359142363,-0.208180502,-0.350904197,0.606622398,0.399227351,-0.031480778,-0.279936612,0.190313786,,0.000289059,3.17E-05,0.000424968,0.000515556,0.003731615,0.000123284,4.64E-06,0.000623626,0.000385211,0.000133583,0.002909779,0.000168493,0.00300258,0.008783888,0.001137534,0.001360192,0.000124621,0.000265241
24,-1.079802632,-0.113908686,0.224616602,-0.733072817,-0.380470604,-0.119672425,0.278534442,0.387339532,0.187502757,-0.515948892,-0.260731131,-0.223567516,-0.427963018,0.508209467,0.405550361,-0.014547547,-0.18862468,0.211314663,,1.93E-05,0.000112176,0.007935852,0.001041535,2.57E-05,0.007521672,0.001448987,0.003873759,0.000675857,0.001152678,0.00197748,0.000804716,0.000495642,2.20E-05,0.001604031,0.000397905,0.010501191,2.22E-05
25,-1.072517395,-0.122992933,0.186500072,-0.715272009,-0.455731601,-0.133418307,0.26001209,0.299840301,0.196840078,-0.524303257,-0.213743269,-0.244242758,-0.451032579,0.428868175,0.397529751,-0.107025906,-0.251953125,0.210819751,,0.000136483,2.27E-06,0.016179822,0.000209439,0.006453166,0.005326328,0.003202192,0.000638052,0.000277553,0.000655193,0.008364334,0.002405192,0.002055043,0.007061348,0.001025905,0.012639584,0.001532478,1.78E-05
26,-1.084026694,-0.249518812,0.425553977,-0.739449263,-0.292922199,-0.278866827,0.237767413,0.325485051,0.480606735,-0.578700662,-0.498093128,-0.240555152,-0.406871498,0.637573183,0.347106278,-0.095553257,-0.309237182,0.337813616,,3.00E-08,0.015629703,0.012511312,0.001493766,0.006802588,0.005251441,0.006214577,1.48E-07,0.071346008,0.000829478,0.037207759,0.00205709,1.37E-06,0.015543403,0.000338329,0.01019156,0.000328957,0.017217013
27,-1.000470757,-0.147328556,0.260415971,-0.753885865,-0.36163646,-0.199854836,0.331264853,0.361539274,0.202595308,-0.461680204,-0.370236427,-0.234133139,-0.416270614,0.551964819,0.390865058,0.051920608,-0.260714233,0.255881608,,0.007010586,0.000521143,0.002839188,0.002818109,0.000189435,4.28E-05,0.000215058,0.001327821,0.000118912,0.007782732,0.004229737,0.001515789,0.000111738,0.00152606,0.000643386,0.002164167,0.000923295,0.002428677
28,-1.175315976,-0.194800466,0.272969007,-0.64923054,-0.343769938,-0.264323473,0.251791149,0.289476871,0.120835073,-0.617999911,-0.334617376,-0.243353963,-0.357666045,0.541440189,0.321425915,-0.04618524,-0.283487529,0.134894684,,0.008302121,0.004942156,0.001659014,0.002659409,0.001000461,0.003355129,0.004200187,0.001269007,0.008586789,0.004637598,0.000865382,0.002318804,0.002307261,0.000814542,0.001942525,0.002661037,5.79E-05,0.005141652
29,-0.880415678,-0.171600163,0.195298418,-0.711101711,-0.385707647,-0.239100099,0.282476842,0.282488346,0.272506446,-0.375807613,-0.292807579,-0.199689612,-0.389359415,0.486213773,0.296265602,-0.094452128,-0.291390181,0.208714411,,0.04152805,0.002218425,0.014018935,0.000106125,0.000106248,0.001069296,0.00116439,0.001815753,0.003481761,0.030308159,0.000153572,2.02E-05,0.000267015,0.000712155,0.004793402,0.009970447,8.42E-08,4.47E-06
30,-0.917433083,-0.106282011,0.147553265,-0.694442928,-0.364282161,-0.233823627,0.23648034,0.301592469,0.265715986,-0.35978359,-0.26990363,-0.243840322,-0.391892761,0.518079221,0.331998438,-0.091471739,-0.271745801,0.267593831,,0.027811205,0.000331895,0.027604738,4.04E-05,0.000123606,0.000752055,0.00641916,0.000552604,0.002726509,0.036144249,0.001245834,0.002365881,0.00019064,2.68E-05,0.001122355,0.009384134,0.000374585,0.003720247
31,-0.985133946,-0.144313172,0.236300871,-0.70905143,-0.28582713,-0.179701805,0.289703757,0.411972612,0.39173618,-0.482673913,-0.384099126,-0.257205099,-0.353538692,0.607213736,0.411347181,0.005084537,-0.194655403,0.409286708,,0.009814083,0.000392562,0.005990625,6.81E-05,0.008023299,0.000712794,0.000723408,0.007546851,0.031768136,0.004519347,0.006225072,0.003844632,0.002720802,0.008895081,0.002101964,9.95E-08,0.00930156,0.041081902
32,-1.055205584,-0.091103055,0.214621618,-0.697126746,-0.377219796,-0.188775629,0.341743499,0.410388947,0.312720805,-0.502762377,-0.311334997,-0.246736407,-0.394168645,0.487130761,0.361573488,0.033924099,-0.231296062,0.331992,,0.000840676,0.001115356,0.009816526,1.35E-05,3.31E-06,0.000310618,0.000632196,0.007274204,0.009844768,0.002221956,3.76E-05,0.002656001,0.000132972,0.000664054,1.54E-05,0.000813624,0.003576511,0.015723154
33,-1.114927053,-0.103747532,0.350195944,-0.687679648,-0.360038698,-0.216927156,0.227942243,0.340554535,0.258965015,-0.601011574,-0.335944355,-0.198616832,-0.364378959,0.523460209,0.366817653,-0.082753837,-0.248555064,0.277926624,,0.000944152,0.000430665,0.001331954,0.000172144,0.00023597,0.000110821,0.007860198,0.000238843,0.002067068,0.002612393,0.000945215,1.17E-05,0.001707428,0.000111518,1.74E-06,0.007771099,0.001810072,0.005087487
34,-1.038000464,-0.05834344,0.389253438,-0.678989828,-0.468967527,-0.23178862,0.308843911,0.394267499,0.341108173,-0.514609098,-0.328298151,-0.152070418,-0.4112795,0.426658541,0.311468542,-0.041975915,-0.291394949,0.326878995,,0.002134397,0.00437669,0.005708322,0.000475684,0.008754882,0.000644582,6.02E-05,0.004784143,0.016283846,0.001245448,0.000533525,0.001860161,3.11E-05,0.007437589,0.002919398,0.002244477,8.70E-08,0.014467037
35,-1.044644237,-0.186726153,0.36631605,-0.766281426,-0.307738572,-0.20860517,0.304857105,0.377487719,0.356512308,-0.561171293,-0.386322081,-0.205259085,-0.416335106,0.533550084,0.300594866,-0.020144027,-0.292508602,0.25897494,,0.001564658,0.003872094,0.002768449,0.004287817,0.004578069,4.86E-06,0.000137896,0.002744473,0.02045252,0.000127042,0.006580792,0.000101185,0.000113105,0.000426426,0.004212676,0.000652497,1.98E-06,0.002743134
36,-1.106599569,-0.09206488,0.249948949,-0.661096632,-0.40970394,-0.25865671,0.28022784,0.392017931,0.237855405,-0.553206205,-0.282429338,-0.304365069,-0.364318907,0.51820159,0.363267392,-5.50E-05,-0.249502093,0.17835696,,0.000501741,0.001052037,0.004064197,0.001576357,0.00117676,0.002730764,0.001322934,0.004478009,0.000593186,1.09E-05,0.000518503,0.011917012,0.001712395,2.81E-05,4.98E-06,2.98E-05,0.001730386,0.000797669
37,-0.835941613,0.101901919,0.388021737,-0.696831226,-0.30985862,-0.282588422,0.339703172,0.402218521,0.331239015,-0.247106686,-0.40944016,-0.104556017,-0.367235482,0.736138344,0.448518276,0.077588484,-0.213553712,0.423844814,,0.061632227,0.051257829,0.005523721,1.58E-05,0.004295672,0.005804676,0.000533757,0.005947266,0.013862476,0.091683791,0.010866011,0.008216332,0.001479519,0.049835358,0.006892034,0.005211177,0.006013427,0.047195309
38,-1.037865281,-0.111055821,0.258175641,-0.702556968,-0.284465134,-0.217950627,0.304472119,0.419110417,0.346078217,-0.473359525,-0.28423807,-0.179324836,-0.366636187,0.615894258,0.437191248,-0.005934432,-0.217597798,0.371449649,,0.002146906,0.000180746,0.003082954,3.09E-06,0.00826915,0.000133417,0.000147085,0.008837959,0.017576984,0.005858444,0.000439403,0.000252021,0.001525981,0.010607817,0.005139635,0.000128469,0.005402574,0.027175407
39,-1.067677975,-0.143514499,0.272690266,-0.62270087,-0.379137129,-0.250342309,0.307344258,0.265989363,0.176499829,-0.559355497,-0.319767177,-0.213553026,-0.316932738,0.500878215,0.372072458,-0.023537114,-0.327351481,0.16817762,,0.000272977,0.000361551,0.001681798,0.006099474,1.40E-05,0.001930927,8.57E-05,0.003494067,0.001369013,8.94E-05,0.000212203,0.000336834,0.007879627,0.000144523,4.32E-05,0.000837357,0.00131417,0.001476279
40,-1.108037949,-0.115798146,0.27204439,-0.639174104,-0.304334819,-0.186102897,0.307600111,0.3238931,0.253384858,-0.579508662,-0.298007429,-0.215712249,-0.352192938,0.566537201,0.394676715,0.009074759,-0.27882722,0.233389243,,0.000568248,7.57E-05,0.00173519,0.003797751,0.00505026,0.000411972,8.10E-05,1.46E-06,0.001590802,0.000876673,5.17E-05,0.000420752,0.002863006,0.002876949,0.000851281,1.35E-05,0.000150621,0.000717664
41,-1.043759346,-0.115564279,0.367375076,-0.764119804,-0.377443016,-0.169099078,0.294497699,0.415737748,0.338577092,-0.545021296,-0.324124306,-0.197814673,-0.443491191,0.582205355,0.447081029,-0.062813371,-0.227506697,0.296023786,,0.001635446,7.98E-05,0.002881014,0.004009398,4.17E-06,0.001391359,0.000488512,0.008215201,0.015644279,2.38E-05,0.000358129,6.84E-06,0.001428174,0.004803232,0.006655464,0.004653064,0.004044108,0.007996614
42,-1.060860515,-0.205027148,0.201985389,-0.651835322,-0.34158957,-0.249146804,0.257669389,0.298821568,0.263796002,-0.522952437,-0.317494035,-0.2502276,-0.364207059,0.501440763,0.327430248,-0.051734872,-0.317329317,0.187843189,,0.000544732,0.006484622,0.012480154,0.00239754,0.001143145,0.001827289,0.003472817,0.000690556,0.002529688,0.000726171,0.000151143,0.003028037,0.001721664,0.000131314,0.001449306,0.003264394,0.000687977,0.000351818
43,-1.058586001,-0.178292066,0.246499076,-0.730430603,-0.346916497,-0.205184996,0.356523782,0.368867338,0.308727413,-0.521459699,-0.31678167,-0.261755824,-0.423902035,0.515060306,0.363584459,0.015200518,-0.292068928,0.239772677,,0.000656077,0.002893586,0.004515964,0.000877973,0.00081131,1.48E-06,0.001593908,0.00191558,0.00906826,0.000808851,0.000134135,0.004429678,0.000331314,4.67E-06,3.67E-06,9.61E-05,9.39E-07,0.001100426
44,-1.075806737,-0.134655118,0.307554215,-0.686926842,-0.393507481,-0.250838399,0.266087115,0.324943393,0.268844694,-0.541532457,-0.326623142,-0.269965053,-0.384030491,0.49842447,0.347772539,-0.024144374,-0.258850157,0.267697364,,7.04E-05,0.000103126,3.78E-05,0.000192465,0.000327881,0.001974771,0.002551552,2.45E-08,0.003063035,7.00E-05,0.000458951,0.005589813,0.000469568,0.000209541,0.000314263,0.00087287,0.001040052,0.003732888
45,-1.016107082,-0.064521208,0.348614872,-0.697265029,-0.447319746,-0.301641464,0.337876529,0.344724238,0.146383569,-0.483747154,-0.335240424,-0.20246692,-0.392899066,0.553761423,0.348218799,0.046838544,-0.258941114,0.18237868,,0.004636645,0.003597455,0.001219048,1.25E-05,0.00517245,0.009070936,0.000452691,0.000385111,0.004504615,0.004376199,0.000902427,5.28E-05,0.000163864,0.001669656,0.00029864,0.001717153,0.001034194,0.000586672
46,-1.104555249,-0.1331608,0.30885613,-0.668107569,-0.373057485,-0.189999238,0.337621033,0.314584225,0.197852165,-0.566381216,-0.294974238,-0.228271335,-0.376053512,0.489297926,0.396449596,0.029341228,-0.320876867,0.175337151,,0.000414336,7.50E-05,2.35E-05,0.001068795,5.49E-06,0.000268985,0.000441884,0.000110582,0.000244855,0.00027163,0.000104566,0.001093713,0.000878914,0.000557058,0.000957877,0.000573182,0.000886662,0.000977366
47,-1.046876192,-0.118640959,0.330872029,-0.719758689,-0.321724981,-0.168797642,0.297417402,0.427814424,0.457007736,-0.484748334,-0.339782268,-0.155087739,-0.420858949,0.535013616,0.333346307,-0.020425795,-0.266673326,0.342362434,,0.001393067,3.43E-05,0.000294879,0.000359432,0.002881008,0.001413937,0.000367972,0.010550253,0.059296017,0.00424474,0.001195933,0.001608993,0.000229794,0.000489012,0.00103386,0.000666972,0.000596662,0.018431438
48,-1.057093978,-0.172478169,0.334780276,-0.734307289,-0.36859706,-0.250005186,0.343120307,0.336862773,0.274913847,-0.530997396,-0.35828644,-0.167872444,-0.435372502,0.525854111,0.313468665,0.032633349,-0.286984473,0.314185441,,0.000734736,0.002301905,0.000444378,0.001122738,4.63E-05,0.001901412,0.000703327,0.000138363,0.003771661,0.000357308,0.00281817,0.000746795,0.000880457,0.000167809,0.00270726,0.000741655,1.69E-05,0.011574627
49,-1.081142306,-0.168940276,0.276183784,-0.692741394,-0.338943183,-0.183810636,0.344700068,0.393482029,0.230374977,-0.548327267,-0.294602841,-0.24312526,-0.382251561,0.490136683,0.376071811,0.048968516,-0.185250282,0.291936398,,9.35E-06,0.001974938,0.001407466,6.49E-05,0.0013291,0.000510279,0.000789614,0.004676102,0.000284765,2.47E-06,0.0001123,0.002296831,0.000549829,0.000518169,0.000111763,0.001898216,0.011204163,0.007282301
50,-0.994248986,-0.102271959,0.240552947,-0.764719188,-0.44271642,-0.160792708,0.321768403,0.42690748,0.273945868,-0.43911466,-0.321389139,-0.287116677,-0.468685567,0.438071281,0.392312109,0.059843443,-0.267475754,0.254965246,,0.008091185,0.000494086,0.005350491,0.004085663,0.0045315,0.002080025,2.67E-05,0.010364763,0.003653703,0.012273392,0.000262088,0.008448676,0.003967182,0.005599337,0.000718889,0.002964088,0.000558105,0.002339197
51,-1.058353543,-0.118800931,0.267193109,-0.659735143,-0.311596394,-0.185280487,0.308338344,0.391856968,0.205461949,-0.53161931,-0.335752845,-0.198532,-0.353547901,0.558849037,0.385526806,0.015571176,-0.313598841,0.16885978,,0.000668039,3.25E-05,0.002162891,0.001686322,0.0040709,0.000446034,6.83E-05,0.004456493,6.46E-05,0.000334184,0.000933476,1.11E-05,0.002719841,0.002111314,0.000401073,0.000103453,0.000506198,0.001424324
52,-1.040026188,-0.077560097,0.342966944,-0.680214345,-0.362862527,-0.259161204,0.26699844,0.316269398,0.285287917,-0.481602609,-0.265631974,-0.229239464,-0.406684637,0.519312739,0.377797455,-0.040028982,-0.266446233,0.185463026,,0.001951326,0.002203354,0.000856554,0.000423769,0.000157188,0.002783745,0.002460315,7.80E-05,0.005153505,0.004664534,0.001565629,0.001158685,9.70E-07,4.11E-05,0.000151227,0.002063792,0.000607808,0.000446772
53,-1.028073072,-0.137660265,0.27736789,-0.671638548,-0.279517442,-0.198519394,0.236926317,0.381340295,0.428584278,-0.553480864,-0.346638769,-0.175678626,-0.329353631,0.566562057,0.397913635,-0.066294715,-0.285498381,0.331418782,,0.003150232,0.000173193,0.001320022,0.00085039,0.009193465,6.21E-05,0.006347896,0.003162971,0.046261247,1.28E-05,0.001717172,0.000381084,0.005828768,0.002879616,0.001050644,0.005140132,3.14E-05,0.015579728
54,-0.976677716,-0.269500554,0.383486181,-0.734993756,-0.222301766,-0.244106799,0.277956426,0.399147809,0.47166878,-0.467621863,-0.490169764,-0.155812263,-0.397670418,0.708029628,0.396808356,-0.057404563,-0.248642832,0.423723668,,0.011561042,0.021025161,0.004870111,0.001169213,0.023439069,0.001421803,0.001493326,0.005483078,0.066651119,0.006769692,0.034213814,0.001551394,6.45E-05,0.038075572,0.000980213,0.003944413,0.001802611,0.047142687
55,-1.053662062,-0.174462602,0.291168362,-0.717084885,-0.312377363,-0.149843141,0.260669291,0.322528273,0.262494683,-0.52070123,-0.388288349,-0.253610611,-0.419103771,0.584956527,0.403885365,-0.071832314,-0.261908203,0.212949529,,0.000932566,0.002496262,0.000507675,0.000265197,0.003971853,0.003198678,0.003128244,6.61E-06,0.002400479,0.000852568,0.006903674,0.003411799,0.000179661,0.005192143,0.001473436,0.00596483,0.000852161,4.03E-05
56,-1.094215035,-0.138339892,0.252515674,-0.719142675,-0.378743857,-0.210984066,0.280573547,0.294793725,0.142071456,-0.552781224,-0.300918072,-0.263217986,-0.411315918,0.544092298,0.412160575,-0.039864022,-0.311165541,0.068327144,,0.000100301,0.000191543,0.003743522,0.000336454,1.12E-05,2.10E-05,0.001297905,0.00091847,0.005102037,8.30E-06,1.83E-05,0.004626446,3.15E-05,0.000972959,0.002177209,0.002048832,0.000402626,0.019119383
57,-1.025616527,-0.131699204,0.257730871,-0.699326754,-0.374227464,-0.191200718,0.300269634,0.344035149,0.169378713,-0.523314893,-0.320937365,-0.231934786,-0.375351042,0.513027847,0.367744952,-0.018756734,-0.199131653,0.248680189,,0.003432023,5.18E-05,0.003132543,2.17E-06,1.37E-06,0.000231018,0.000266681,0.00035854,0.001946688,0.000706768,0.000247665,0.001349445,0.000921059,1.63E-08,5.04E-06,0.000583548,0.008458177,0.001770742
58,-1.07549417,-0.127958238,0.317912668,-0.729502916,-0.3897852,-0.227199286,0.343217313,0.387595832,0.180763826,-0.562577069,-0.288152575,-0.228940994,-0.408000499,0.496938646,0.386009067,0.055144556,-0.226711676,0.169267908,,7.58E-05,1.20E-05,1.77E-05,0.000823857,0.000206934,0.00043261,0.000708481,0.003905729,0.001071657,0.000160708,0.000290615,0.001138455,5.29E-06,0.000254765,0.000420622,0.002474521,0.004145856,0.001393685
59,-1.126040578,-0.088846587,0.29382503,-0.701356947,-0.428663969,-0.224885687,0.337442249,0.400473714,0.258829504,-0.592963398,-0.259455919,-0.232222974,-0.417777717,0.472583234,0.347125739,0.022451228,-0.2625857,0.200061575,,0.001750634,0.001271166,0.000395014,3.10E-07,0.00283705,0.000341721,0.000434399,0.005681197,0.002054764,0.001854456,0.002092521,0.001370701,0.000145871,0.001625442,0.000337613,0.000290744,0.000813065,4.28E-05
60,-1.034291863,-0.149118796,0.199669853,-0.757730663,-0.359687746,-0.13674517,0.340017617,0.376990706,0.211247891,-0.476495713,-0.301045746,-0.223103732,-0.48847422,0.503950655,0.373182327,0.03522782,-0.24248223,0.238511011,,0.002490822,0.000606085,0.013002874,0.0032411,0.000246875,0.004851795,0.000548385,0.002692645,5.07E-06,0.005388189,1.73E-05,0.000778618,0.006851571,8.01E-05,5.90E-05,0.000889699,0.002363688,0.001018313
61,-1.006724834,-0.095201083,0.217181966,-0.707999349,-0.403268218,-0.172114849,0.302976191,0.322970599,0.232670113,-0.461327344,-0.270609736,-0.195834368,-0.429935753,0.463391691,0.359347939,-0.02409943,-0.282217801,0.155829415,,0.006002401,0.000858427,0.009315731,5.18E-05,0.000776638,0.001175472,0.000185608,4.53E-06,0.000367493,0.007845115,0.001196486,4.02E-07,0.000587372,0.002451073,3.78E-05,0.000870216,7.89E-05,0.002577652
62,-1.004307151,-0.170755088,0.381237328,-0.672849834,-0.232826799,-0.272324502,0.301760733,0.404399455,0.427340269,-0.447691172,-0.489425659,-0.203992501,-0.371998161,0.709985793,0.426083207,0.020344585,-0.250812262,0.447247535,,0.006382867,0.002139533,0.004561291,0.000781212,0.020327118,0.00434604,0.000220204,0.006288404,0.045727661,0.010446645,0.033939093,7.73E-05,0.001135814,0.03884281,0.003670325,0.000223341,0.001623102,0.057911236
63,-0.962122321,-0.143830597,0.221170262,-0.732798934,-0.267460436,-0.309226483,0.261920601,0.405887455,0.4673343,-0.409081668,-0.304466069,-0.259763122,-0.363501996,0.626452208,0.383176416,-0.047895789,-0.250639677,0.439331263,,0.01490296,0.000373672,0.008561752,0.001023932,0.011650949,0.010573286,0.002989837,0.006526613,0.064431852,0.019829803,5.39E-07,0.004168397,0.001780672,0.012894104,0.000312456,0.002840441,0.001637038,0.054163841
64,-1.058882833,-0.126535505,0.340435535,-0.699433625,-0.324354649,-0.20359014,0.330349445,0.397016197,0.39049086,-0.548155546,-0.313053727,-0.215126947,-0.355403781,0.545873642,0.357584804,-0.010796892,-0.26386404,0.333658785,,0.000640959,4.14E-06,0.000714789,1.87E-06,0.002605628,7.90E-06,0.000189047,0.005171939,0.031325765,3.04E-06,6.17E-05,0.000397083,0.00252971,0.001087261,6.27E-05,0.000262339,0.000741798,0.016143935
65,-1.085294008,-0.13418746,0.279411823,-0.699569345,-0.391117513,-0.144549131,0.338914096,0.430860668,0.229506195,-0.529885769,-0.295268625,-0.143160105,-0.41888389,0.496201813,0.358131498,0.062873788,-0.205977619,0.332909971,,1.20E-06,9.38E-05,0.001175679,1.51E-06,0.00024704,0.00382553,0.000497919,0.011185319,0.000256198,0.000400569,9.86E-05,0.002708151,0.000173815,0.000278829,5.43E-05,0.003303236,0.00724582,0.015954209
66,-1.043649793,-0.100346103,0.211059228,-0.66677326,-0.363187313,-0.135068312,0.274520785,0.449364334,0.251205653,-0.454704255,-0.323493898,-0.300399691,-0.393255591,0.515002847,0.435979962,0.02842832,-0.162233889,0.305384189,,0.001644319,0.000583411,0.010535128,0.001157819,0.00014915,0.00508821,0.00177066,0.015441625,0.001421716,0.00906223,0.000334667,0.011066975,0.000154863,4.42E-06,0.004967425,0.000530304,0.016606475,0.009758316
67,-1.084694743,-0.165752858,0.256148875,-0.66756779,-0.281964451,-0.21084705,0.27935645,0.364497304,0.283098578,-0.536878526,-0.283299685,-0.186382562,-0.365695775,0.511560261,0.333744794,-0.041419927,-0.234504759,0.290524244,,2.45E-07,0.001701798,0.003312132,0.00110438,0.008730202,1.98E-05,0.001387082,0.001552148,0.004843962,0.000169559,0.000479624,7.77E-05,0.001600338,1.79E-06,0.001008393,0.002192106,0.003203021,0.007043279
68,-1.126726031,-0.101440206,0.287887454,-0.723564506,-0.379948437,-0.184145972,0.280518353,0.331754088,0.428176284,-0.54301405,-0.305422723,-0.132492602,-0.442608625,0.545382559,0.306370139,-0.049105894,-0.309702337,0.349429727,,0.001808463,0.000531754,0.000666288,0.000518223,2.07E-05,0.000495242,0.001301885,4.43E-05,0.046085907,4.74E-05,4.96E-08,0.003932218,0.001362247,0.001055117,0.00349634,0.002970892,0.000346047,0.020400331
69,-1.08229363,-0.054260515,0.269831896,-0.707841635,-0.474592716,-0.270566255,0.29947564,0.37764287,0.144886345,-0.48285982,-0.273856014,-0.213779271,-0.436567158,0.490628362,0.337714851,0.032843646,-0.197339714,0.211394146,,3.63E-06,0.004933585,0.001924411,4.96E-05,0.009839195,0.004117308,0.000293244,0.002760753,0.004707834,0.004494386,0.000982445,0.000345189,0.000952781,0.000496026,0.000772015,0.000753154,0.008790991,2.30E-05
70,-1.063444138,-0.111566409,0.269629657,-0.707679868,-0.411228895,-0.191633433,0.258253008,0.280802131,0.127099261,-0.491637945,-0.291577101,-0.240634918,-0.456674218,0.467008412,0.34901166,-0.057566006,-0.298842788,0.145907938,,0.000430806,0.000167278,0.001942195,4.73E-05,0.00128371,0.000218052,0.003404371,0.001962301,0.007465088,0.003394467,0.000185583,0.002064332,0.002598371,0.002106038,0.000271865,0.003964718,6.00E-05,0.003683526
71,-1.008509159,-0.208338514,0.262831509,-0.741656005,-0.323099732,-0.281594485,0.283717513,0.40481928,0.384375602,-0.530501425,-0.448923826,-0.278873622,-0.366793185,0.640709102,0.369071931,-0.055076707,-0.254013687,0.382289678,,0.005729103,0.007028896,0.002587603,0.001669213,0.002735318,0.005654211,0.001081258,0.006355164,0.029198471,0.000376305,0.020656538,0.007001275,0.00151374,0.016335167,1.28E-05,0.003657432,0.001375395,0.030866863
72,-1.112264633,-0.080833621,0.238262117,-0.664955139,-0.429682851,-0.217367604,0.247258395,0.335263669,0.213533148,-0.533281982,-0.212488741,-0.188866898,-0.428589284,0.456931233,0.333158731,-0.044834007,-0.262131095,0.185457736,,0.000787624,0.001906753,0.005690874,0.001284854,0.002946628,0.000120288,0.004808258,0.0001033,1.10E-09,0.000276159,0.008595378,4.01E-05,0.000523919,0.003132503,0.001045958,0.002523455,0.000839197,0.000446995
73,-1.049685359,-0.172979996,0.297250062,-0.718132794,-0.285638809,-0.182967409,0.309435099,0.364190608,0.149351045,-0.520676732,-0.331929684,-0.231686547,-0.401802093,0.53899914,0.418031156,0.034883644,-0.269550204,0.227249548,,0.00119126,0.00235031,0.0002706,0.000300426,0.008057071,0.000549086,5.13E-05,0.001528076,0.004115088,0.000853999,0.000714476,0.001331268,1.52E-05,0.000681165,0.002759522,0.000869285,0.000464394,0.000426404
74,-1.024793744,-0.144350559,0.100466959,-0.695086539,-0.35421738,-0.192016691,0.212008238,0.307651579,0.256759226,-0.492487639,-0.251811832,-0.26733464,-0.34289965,0.490044415,0.335128933,-0.110087328,-0.263613075,0.222886652,,0.003529103,0.000394045,0.04546833,3.26E-05,0.000448703,0.00020688,0.010939437,0.000304447,0.001871361,0.003296179,0.002850296,0.005203406,0.003943884,0.000522378,0.000922402,0.013337323,0.000755531,0.000265255
75,-0.974467933,-0.144863158,0.177076846,-0.738655925,-0.368441641,-0.141703948,0.333667666,0.336417109,0.132427156,-0.441733837,-0.349298239,-0.266575128,-0.432268739,0.502825201,0.361841291,0.025975507,-0.249769688,0.21638374,,0.012041127,0.000414658,0.018665886,0.001433071,4.84E-05,0.004185579,0.000291305,0.000128077,0.006572806,0.011699919,0.001944655,0.005094409,0.000705898,0.000101502,1.34E-05,0.000423351,0.001708195,9.57E-05
76,-1.050755739,-0.169194043,0.248308852,-0.701327085,-0.354783028,-0.177726433,0.315942407,0.323076785,0.247643098,-0.522574186,-0.304725707,-0.200784981,-0.407414466,0.490420133,0.334701866,-0.014097413,-0.249937072,0.247417942,,0.001118519,0.001997557,0.004276002,2.78E-07,0.00042506,0.000822173,4.32E-07,4.09E-06,0.001165751,0.0007467,2.25E-07,3.12E-05,2.94E-06,0.000505344,0.000948525,0.000380149,0.001694387,0.001666104
77,-1.080611706,-0.112970576,0.398073673,-0.706530333,-0.389975101,-0.234700292,0.332707584,0.368796885,0.352319032,-0.577858865,-0.304552138,-0.123000585,-0.389871985,0.471951276,0.288203895,0.005326997,-0.335821718,0.255883694,,1.29E-05,0.000132928,0.007118917,3.28E-05,0.000212434,0.000800907,0.000259454,0.001909418,0.019270724,0.000781698,4.20E-07,0.005212756,0.000250526,0.001676798,0.005974688,5.33E-09,0.002000032,0.002428882
78,-1.090798616,-0.13085562,0.222037807,-0.663694978,-0.290072322,-0.159814656,0.36396721,0.385533422,0.221680239,-0.56886375,-0.254244149,-0.21822007,-0.344746411,0.538343906,0.399868816,0.05359786,-0.294800818,0.224255666,,4.35E-05,4.04E-05,0.008401958,0.001376783,0.007280813,0.002170194,0.002243653,0.003652198,6.69E-05,0.000359624,0.002596499,0.000529924,0.00371534,0.000647392,0.001181216,0.002323034,1.37E-05,0.000311723
79,-1.137818933,-0.052767456,0.373449773,-0.684078932,-0.418785721,-0.278458178,0.349364519,0.40122205,0.238737985,-0.575215101,-0.320203424,-0.202080354,-0.397433549,0.527157426,0.353241026,0.044797659,-0.296034753,0.198910773,,0.00287499,0.005145558,0.003570035,0.000279594,0.001882321,0.005192381,0.001073514,0.005794566,0.000636956,0.000640854,0.000225103,4.73E-05,6.83E-05,0.000203274,0.000150282,0.001552176,2.44E-05,5.91E-05
80,-1.045402527,-0.104809947,0.317207664,-0.722715378,-0.360467762,-0.240547016,0.335792333,0.433966309,0.365096956,-0.468448639,-0.341002226,-0.207887739,-0.437758803,0.531525075,0.355844438,0.015393296,-0.307442605,0.264042974,,0.001505244,0.000387698,1.23E-05,0.000480284,0.000222972,0.001166019,0.000368346,0.011851873,0.022981637,0.006634324,0.001281799,0.000160979,0.001027767,0.000346893,9.32E-05,9.99E-05,0.000267081,0.003299695
81,-0.175688729,0.249960929,-0.031961538,-0.350881487,-0.02775196,-0.365077525,0.246957481,0.36967805,0.451757044,0.533346593,-0.224102587,-0.051765651,0.055832129,0.714848459,0.499946415,-0.077729188,-0.250433713,0.414551526,,0.82539273,0.140220987,0.119481899,0.122442966,0.12085916,0.025178557,0.00485008,0.001987203,0.056766419,1.173423181,0.00657679,0.020573412,0.213011906,0.04078318,0.018075839,0.006910462,0.001653747,0.043243837
82,-1.06996417,-0.109817609,0.226680815,-0.702328682,-0.420366287,-0.224014923,0.353118181,0.369759828,0.100266449,-0.484408706,-0.259209991,-0.217749298,-0.437319577,0.437038004,0.321502984,0.078499913,-0.276109904,0.227286205,,0.000202659,0.000215573,0.007572339,2.34E-06,0.002021967,0.000310286,0.001333578,0.0019945,0.012821837,0.00428911,0.002115081,0.000508471,0.000999798,0.005755042,0.001935737,0.005343597,0.000224703,0.000427919
83,-1.083310723,-0.176540375,0.280243963,-0.667930722,-0.287323773,-0.168245241,0.309882969,0.334573448,0.219240174,-0.582728565,-0.354688525,-0.244803742,-0.314620703,0.558476925,0.42196995,-0.012801424,-0.236144006,0.212066859,,7.91E-07,0.002708201,0.001119306,0.001080389,0.007757422,0.001455786,4.51E-05,8.97E-05,3.29E-05,0.001077715,0.002449114,0.002460531,0.008295438,0.002077256,0.003188855,0.000331292,0.003020161,2.99E-05
84,-0.28068772,0.277383387,-0.093901202,-0.33683157,-0.160528153,-0.401216835,0.156275883,0.258235782,0.372376204,0.369009167,-0.204796046,-0.280978322,0.076114796,0.638805866,0.417367816,-0.228278846,-0.318922907,0.200450316,,0.645631984,0.161510257,0.16613874,0.132473018,0.046169911,0.037953599,0.025703822,0.004470824,0.025241648,0.844394057,0.010080954,0.007357921,0.232145498,0.015852287,0.00269027,0.054605803,0.000774114,3.78E-05
85,-1.016111851,-0.105508506,0.211743981,-0.696193278,-0.401879132,-0.22837992,0.311677068,0.41072318,0.239123255,-0.506355107,-0.331902742,-0.277650058,-0.390209436,0.527857065,0.369636327,0.005694849,-0.256744325,0.192005858,,0.004635996,0.000360677,0.01039503,2.12E-05,0.000701144,0.000483117,2.42E-05,0.007331329,0.000656551,0.001896158,0.000713036,0.006798012,0.000239958,0.000223714,1.71E-05,8.69E-08,0.001180312,0.000212989
86,-1.074564099,-0.136301875,0.251155615,-0.692967415,-0.405411899,-0.16874449,0.33168295,0.331433654,0.253825724,-0.522328019,-0.306056142,-0.271543324,-0.429792047,0.466924191,0.346234024,-0.026424795,-0.281190246,0.217703626,,9.29E-05,0.000139284,0.0039118,6.13E-05,0.000900714,0.001417937,0.000227495,4.01E-05,0.001626164,0.000760214,7.33E-07,0.005828303,0.000580427,0.002113775,0.000371178,0.001012818,9.82E-05,0.000123291
87,-1.062222242,-0.104571931,0.260069638,-0.692744255,-0.381038725,-0.197535396,0.212201968,0.369757473,0.33599478,-0.55921042,-0.240568444,-0.254235923,-0.346755803,0.465879261,0.385779679,-0.107385457,-0.238301843,0.280780077,,0.000483022,0.000397128,0.002876216,6.49E-05,3.18E-05,7.86E-05,0.010898949,0.00199429,0.015004971,8.67E-05,0.004177238,0.00348524,0.003474418,0.00221095,0.000411265,0.012720559,0.002787645,0.005502684
88,-1.113843203,-0.099291541,0.315850705,-0.706858993,-0.369340688,-0.247399837,0.304354012,0.351867944,0.316714823,-0.581248581,-0.326534748,-0.20448944,-0.39798969,0.558594525,0.370356947,-0.021493927,-0.342528045,0.271600574,,0.000878719,0.000635466,4.63E-06,3.67E-05,3.67E-05,0.001680987,0.000149964,0.000716523,0.0106533,0.000982734,0.000455171,8.63E-05,5.94E-05,0.00208799,2.36E-05,0.000723283,0.002644844,0.004225075
89,-1.070243835,-0.165368006,0.274166644,-0.710947931,-0.382626653,-0.165168732,0.316466808,0.392370105,0.259497821,-0.532204866,-0.261856496,-0.2243343,-0.413913637,0.426700026,0.367783308,0.033587031,-0.250457883,0.23827292,,0.000194775,0.001670194,0.001562886,0.000102981,5.22E-05,0.001700017,1.77E-08,0.004525267,0.0021158,0.000313118,0.001878659,0.000848807,6.75E-05,0.007430436,5.21E-06,0.000794509,0.001651782,0.001003174
90,-0.945556045,-0.147246629,0.337297559,-0.681096315,-0.236266732,-0.356380135,0.317493051,0.384450614,0.512519538,-0.440873027,-0.394910783,-0.22645016,-0.317517787,0.641447008,0.392882705,-0.041149139,-0.293546379,0.388740033,,0.019222146,0.000517409,0.000556845,0.000388235,0.019358066,0.022494041,7.98E-07,0.003522495,0.089412684,0.011886881,0.008048025,0.000976573,0.007776103,0.016524333,0.000749813,0.002166822,5.98E-06,0.033174992
91,-1.06396842,-0.154473007,0.329017788,-0.620077312,-0.330339134,-0.273675233,0.299418718,0.29870221,0.248633713,-0.573815405,-0.389635324,-0.26668638,-0.308812618,0.550685167,0.390077144,-0.042676575,-0.309172481,0.164254755,,0.000409317,0.000898381,0.000234635,0.006516152,0.002030482,0.004525957,0.000295196,0.000696843,0.001234378,0.000571947,0.007129324,0.005110303,0.009387165,0.001427719,0.000604036,0.002311357,0.000326615,0.00179312
92,-1.003385067,-0.160481602,0.283172369,-0.673905671,-0.33450973,-0.233411252,0.243354559,0.378096104,0.322376251,-0.47426638,-0.38351208,-0.263224512,-0.336583883,0.510285199,0.350288987,-0.072163023,-0.269799232,0.259455234,,0.006531053,0.001294676,0.000931936,0.000723305,0.001672014,0.000729608,0.005364895,0.002808587,0.011854038,0.005720444,0.006132782,0.004627334,0.004777038,6.84E-06,0.000231375,0.006016023,0.000453723,0.002793676
93,-0.892496824,-0.12609072,0.349906623,-0.627086401,-0.394042432,-0.276229441,0.342733651,0.413341343,0.246986806,-0.300791979,-0.477769762,-0.316089123,-0.33246547,0.635293186,0.4884229,0.089528173,-0.279229313,0.297401488,,0.036750108,2.53E-06,0.00131092,0.005433695,0.00034754,0.004876151,0.000682968,0.007786535,0.001121366,0.062054806,0.029780323,0.01461418,0.005363296,0.014980092,0.015110039,0.007077549,0.000140913,0.00824491
94,-1.030437708,-0.124132849,0.320503235,-0.678834975,-0.383522928,-0.234527498,0.2418852,0.33825177,0.331761122,-0.455874026,-0.312240541,-0.248832121,-0.416901439,0.534344673,0.410343915,-0.045900218,-0.25553745,0.269570261,,0.002890384,1.35E-07,4.63E-05,0.000482462,6.60E-05,0.000791156,0.005582301,0.000172969,0.013985693,0.008840884,4.96E-05,0.002876404,0.000125472,0.000459874,0.002010977,0.002631712,0.001264695,0.003965254
95,-0.984752834,-0.086572379,0.295885921,-0.736675858,-0.429705083,-0.239802301,0.340244651,0.280885726,0.158794001,-0.45794633,-0.268970013,-0.1649656,-0.439218938,0.478410721,0.288962692,0.012271821,-0.273577839,0.216209948,,0.009889739,0.001438504,0.000317341,0.001287077,0.002949042,0.001115714,0.00055907,0.001954902,0.002992746,0.008455477,0.001312612,0.000914119,0.001123519,0.00118951,0.00585796,4.72E-05,0.000307026,9.24E-05
96,-1.050599694,-0.17602694,0.249157831,-0.656961441,-0.275669485,-0.172852457,0.272152722,0.396263152,0.388916641,-0.49876219,-0.271481782,-0.111287817,-0.34281227,0.50996089,0.337221146,-0.033926941,-0.204713672,0.398095906,,0.001128981,0.002655026,0.004165692,0.001921819,0.009946176,0.001125438,0.001975561,0.005064194,0.030770998,0.002615076,0.001136918,0.007041254,0.003954867,8.64E-06,0.000799694,0.001546608,0.007462598,0.036670682
97,-1.073841214,-0.057159014,0.346965671,-0.678574264,-0.405481875,-0.242156819,0.275372446,0.337898016,0.220915034,-0.536031783,-0.227299094,-0.227009639,-0.374120981,0.433204889,0.316188127,-0.014165691,-0.267034262,0.162055805,,0.000107304,0.004534808,0.001106605,0.000493983,0.000904919,0.00127855,0.001699711,0.000163789,5.50E-05,0.000192327,0.006068551,0.001011853,0.000997234,0.006351311,0.002431661,0.000382816,0.00057916,0.001984185
98,-1.067046165,-0.070009775,0.234408185,-0.62550348,-0.366377532,-0.238544166,0.287020177,0.370890528,0.257486135,-0.46469155,-0.237265989,-0.141496018,-0.352637619,0.491652966,0.337349147,-0.00334633,-0.254137009,0.264705151,,0.000294254,0.002969185,0.006287192,0.005669566,8.14E-05,0.001033247,0.000874966,0.002096772,0.00193478,0.00726048,0.00461503,0.002884118,0.002815616,0.000451436,0.000792471,7.65E-05,0.001366263,0.003376209
99,-0.969082713,-0.214557737,0.323464543,-0.718897045,-0.232948557,-0.193406194,0.308509588,0.424005091,0.404821783,-0.497511506,-0.417497575,-0.185398862,-0.36994341,0.652506113,0.405662924,-0.026746556,-0.247026205,0.446542323,,0.01325199,0.008110396,9.53E-05,0.000327503,0.020292414,0.000168839,6.55E-05,0.009782217,0.036604025,0.002744554,0.012610745,9.61E-05,0.001278534,0.019489867,0.00161306,0.001033401,0.001942499,0.057572318
,,,,,,,,,,,,,,,,,,,,,,,,,,,,,,,,,,,,,
mean,-1.010259345,-0.119916854,0.267100851,-0.680162645,-0.340993612,-0.22395396,0.290039486,0.360132796,0.289132573,-0.467446185,-0.324606603,-0.221306358,-0.367682324,0.543149493,0.375631487,-0.024521,-0.264309224,0.269201855,mse,0.0367,0.0066,0.0095,0.0065,0.0077,0.0041,0.0025,0.0034,0.0146,0.0499,0.0045,0.0034,0.0121,0.0073,0.0022,0.0041,0.0021,0.0108
mean,-1.010259345,-0.119916854,0.267100851,-0.680162645,-0.340993612,-0.22395396,0.290039486,0.360132796,0.289132573,-0.467446185,-0.324606603,-0.221306358,-0.367682324,0.543149493,0.375631487,-0.024521,-0.264309224,0.269201855,,,,,,,,,,,,,,,,,,,
bias,0.073940655,0.004583146,-0.046599149,0.020637355,0.034406388,-0.01755396,-0.026560514,0.035032796,0.075632573,0.077453815,-0.019406603,-0.026106358,0.038017676,0.030249493,0.010131487,-0.029921,0.026790776,0.062601855,,,,,,,,,,,,,,,,,,,
sd,0.177569114,0.081647196,0.086139125,0.078384229,0.081280828,0.062180608,0.042124078,0.046533222,0.094474534,0.208634886,0.064547988,0.052799212,0.103917603,0.080123818,0.045951241,0.056612095,0.036756108,0.083296508,,,,,,,,,,,,,,,,,,,
TRUE,-1.0842,-0.1245,0.3137,-0.7008,-0.3754,-0.2064,0.3166,0.3251,0.2135,-0.5449,-0.3052,-0.1952,-0.4057,0.5129,0.3655,0.0054,-0.2911,0.2066,,,,,,,,,,,,,,,,,,,
,,,,,,,,,,,,,,,,,,,,,,,,,,,,,,,,,,,,,
sd,0.177569114,0.081647196,0.086139125,0.078384229,0.081280828,0.062180608,0.042124078,0.046533222,0.094474534,0.208634886,0.064547988,0.052799212,0.103917603,0.080123818,0.045951241,0.056612095,0.036756108,0.083296508,,,,,,,,,,,,,,,,,,,
,,,,,,,,,,,,,,,,,,,,,,,,,,,,,,,,,,,,,
sd,0.176679037,0.081237934,0.085707348,0.077991323,0.080873403,0.061868924,0.041912928,0.046299971,0.094000975,0.207589091,0.064224437,0.052534553,0.103396709,0.079722192,0.045720907,0.056328324,0.036571865,0.082878979,,,,,,,,,,,,,,,,,,,
,,,,,,,,,,,,,,,,,,,,,,,,,,,,,,,,,,,,,
,,,,,,,,,,,,,,,,,,,,,,,,,,,,,,,,,,,,,
mean,-1.0103,-0.1199,0.2671,-0.6802,-0.341,-0.224,0.29,0.3601,0.2891,-0.4674,-0.3246,-0.2213,-0.3677,0.5431,0.3756,-0.0245,-0.2643,0.2692,,,,,,,,,,,,,,,,,,,
bias,0.0739,0.0046,-0.0466,0.0206,0.0344,-0.0176,-0.0266,0.035,0.0756,0.0775,-0.0194,-0.0261,0.038,0.0302,0.0101,-0.0299,0.0268,0.0626,,,,,,,,,,,,,,,,,,,
sd,0.1776,0.0816,0.0861,0.0784,0.0813,0.0622,0.0421,0.0465,0.0945,0.2086,0.0645,0.0528,0.1039,0.0801,0.046,0.0566,0.0368,0.0833,,,,,,,,,,,,,,,,,,,