,0,1,2
0,59.71037563439346,29.188112292886252,75.63546388475999
1,61.77319981750489,28.216175864467758,76.36255173865175
2,61.59082584832801,29.419516453337625,76.29945767331161
3,60.43920572431647,26.940491200714447,77.09274641632697
4,62.07650861421743,28.42495575488249,75.70354764271077
5,59.31318633816545,27.86884427294794,77.71160773065571
6,61.462368403416264,28.680854034135287,75.30686708154902
7,60.934615992441614,27.7749018357361,76.97840724904427
8,59.48164965819569,27.53267156380435,75.61286132010007
9,60.57992367175922,27.794178644213222,75.8804658742222
10,60.19623467309729,27.898916217598238,76.7824602575168
11,57.39579737068405,28.362859607464365,75.46566220770055
12,62.88058819673766,28.214112363883196,76.33309861235645
13,56.501163840841144,25.730689481704182,76.42930639409691
14,60.18384141265405,29.07445935764473,74.12805169237325
15,58.17388595334656,28.713852726334924,76.9648051733584
16,57.56480493949937,27.521375400531504,74.86676235626628
17,60.236448813445655,29.600991213516334,75.69932301464733
18,55.80870548909769,26.454443790365108,74.99808150906725
19,58.16680984632258,31.601665106434194,72.32131173868193
20,58.88218932375665,27.067749704195297,75.51638133987505
21,55.94174375750229,28.933092803232352,73.97724904115535
22,58.3026886763525,28.967473789338925,74.52188198914928
23,57.19495068484601,27.682310433446006,75.03370228898672
24,56.10585258268816,28.805613677788582,73.70499001395044
25,57.79018531197556,27.801372294386713,75.06011320851145
26,56.82091052595335,27.322573247203422,73.91266807336389
27,56.23178300887282,27.402442466244445,73.64578034293294
28,56.95058526966827,28.697918005101815,73.82239094410545
29,55.58033720455585,27.90140756190837,74.93963818412406
30,58.009086156497254,27.56507737634684,73.92809583895352
31,54.43233046801196,27.97113452522288,74.45902829938223
32,56.66878758847867,28.437993842617722,72.12974830130797
33,55.043453752692415,28.961115816206828,74.25828412418666
34,56.285988891718304,27.811173588266538,74.09082457229424
35,55.221890323216215,29.467851488191755,73.45721029065926
36,57.61355373771912,26.05277292304963,73.81272345695294
37,52.81687834222445,28.47112756020251,71.81338712626555
38,56.99727351040588,29.083503526765842,72.9789203371753
39,55.212389915213784,27.30794020163907,73.34249768849826
40,54.9448613281605,28.573058392844768,72.02220165789514
41,55.491024779749786,28.533105932378668,73.92782446638952
42,55.654505733183726,27.673800014275,72.61175134153848
43,54.37935829084431,29.521202219345337,72.97193653872743
44,57.011122971187845,26.495548461543873,73.38003887024644
45,53.11988886099458,29.8279902985146,72.23485274027826
46,57.35377985375425,28.114120446191375,74.07871042587328
47,54.59883004065377,27.583133406957785,72.36621041966823
48,54.5920036885133,28.673699368865872,73.41889456137646
49,57.438684737239456,28.406971877818357,72.78476652472435
50,53.29337784953753,26.706279768699716,72.79655732160984
51,55.84186410640632,30.22081006454088,71.63007060934353
52,56.08245234794621,27.998741002292256,73.66518742887328
53,54.67679439849408,28.985224709557638,72.98069387471519
54,56.39207861139713,29.335534915178734,73.53123043008338
55,54.50611081987377,28.017320714208726,73.52660055854415
56,56.64327771839281,29.4797364776928,73.71562072788207
57,55.02441482338135,28.444085422285163,74.01685887071052
58,55.523539337080074,29.57438242151005,74.07324469654132
59,57.40091079324348,29.11413759854643,74.58055546361342
60,54.24520370353062,28.496048876648793,73.4695835638919
61,56.06492768524215,30.873466094251704,72.58471121854629
62,56.56135245991053,29.54325332355544,74.38909900750427
63,54.08908979551906,30.66716926779167,73.03531888973194
64,57.41822908562059,32.02691885068419,74.264018158429
65,55.42351871337742,29.3168862949498,73.87461103210794
66,56.398984079240414,30.975196755045367,71.1891958898952
67,55.62937004005568,30.35001320365795,73.1931053934866
68,56.07893744817635,31.912507061330547,72.07668790722283
69,57.101100136286945,30.682905949357878,73.10975105541388
70,54.82573545050541,31.386050171154068,72.11772948145537
71,56.95025547354578,33.052028250761595,73.5368557605352
72,57.03161278109274,30.07323550347059,73.90277258787725
73,55.62805133297043,31.896121912799423,72.83661061291768
74,59.17726193889649,30.44982042960848,74.1847393093729
75,55.03758442986411,30.030913867523854,73.95524360234323
76,57.69143262215917,31.83045506872836,72.39587655383757
77,56.09671086134562,32.03984937703218,73.13579735090245
78,57.812819687384746,30.505530555253607,72.64517401078852
79,56.14575604410136,33.4536961665747,73.141225945094
80,59.378342057643195,28.84796831289058,74.53759975301254
81,55.418830289689375,32.33464967664164,72.32287919960368
82,58.2769648180131,31.646304961882294,73.38490059184332
83,59.03456260740941,31.378494777510163,74.43246230982275
84,56.22836551022766,30.107274593544243,74.94090920870033
85,59.56738371594441,31.603528586717648,73.5280309009649
86,55.998046540740035,31.071863098261446,75.1590059344492
87,60.017687972731466,32.4077832073666,72.4561877311005
88,54.79105708823854,32.01000537538026,73.9186848763466
89,58.67930056404658,34.573929177024176,71.99113929595815
90,57.77067873593419,32.50929658872551,73.78442476598664
91,57.57528699617257,32.37904128936119,72.83681465865513
92,57.037356320488264,34.122514719863695,72.71664972206703
93,59.53731059308092,33.856773099332884,74.64171978119674
94,57.06354275125478,32.63995802895991,74.08738585879637
95,56.89573140931991,33.94054991779882,73.27402235999924
96,60.754444195195845,33.469062319689904,73.55002794026166
97,55.00507851647102,32.954312962401545,74.69658783055017
98,59.79327403067589,35.548522472397906,71.98136042326868
99,56.99947880416468,32.88129733501845,73.91258737394817
100,58.1309859582469,33.77979139944742,71.24391102361554
101,59.84680188334718,33.50128342395719,74.10868940516556
102,58.662579022932356,30.173556975003237,74.26008323063493
103,58.18067505858089,34.07394906170624,72.98663942926578
104,57.975234273385276,32.101896216811916,74.64906924798734
105,58.289318111418794,34.82903398694995,73.1622731158547
106,58.47795761215076,32.918245349882525,74.99479280593539
107,57.27472432810574,35.29781903580443,73.31497173055163
108,58.95513724233918,34.328151357377465,74.13583004374667
109,57.74822184707851,33.98216982340237,73.70528241379687
110,59.8062213568886,33.31263883870147,74.67086844506406
111,56.83510712897793,33.88300598230541,73.4904434872676
112,58.11318837891882,34.30898224647712,74.35480977539738
113,59.82877641857651,35.37381289993792,74.05837189578456
114,56.217144711613805,32.53950302707152,74.10502642451384
115,57.94244440340078,37.24348065802319,71.60466719785455
116,58.012377538418455,34.5928196254548,75.14979301021395
117,57.83365410020438,35.40819055222075,72.95271236426115
118,56.603681215740124,34.79430809390649,73.27003871610833
119,59.03073071330027,35.958808827710556,71.45793414423187
120,57.60504279583467,33.985953236158146,73.86055459178087
121,58.307685842670615,34.491853247256266,72.31065166332509
122,56.347499110174624,34.953319881176284,73.73657868695298
123,59.01282142600018,35.81857370998147,72.79437839380574
124,57.29291561917637,34.37038109330035,74.0013067048138
125,57.06829956039376,36.11146650652181,72.84711989131166
126,57.41738982904128,35.54968654848787,73.20639886964288
127,58.324801017773275,35.63075108889316,71.67365416381826
128,55.35773973090244,35.981422739551405,72.75405337548676
129,57.974917283747764,37.25975834687597,72.0703817398497
130,57.07134292353584,36.65063174977637,73.54776526902636
131,57.196964973564434,35.12072280894331,72.4694614795044
132,57.54584666790286,37.02905023419779,72.43708746574913
133,57.89000482049265,34.31479212917402,73.83724405746942
134,55.35016158058303,36.578043353593834,71.32421435230663
135,57.729649072992274,36.40965532357918,72.67664368540959
136,57.877464881390885,35.73107513873375,71.83112498048739
137,55.90982899617924,35.19129862573264,72.58724366684339
138,58.3968089763587,35.095839560755174,71.85178754869857
139,55.85317923427382,35.93021659358228,72.6234801945309
140,56.61675924442778,35.8071509132559,71.75559382416564
141,56.267895195993894,36.672879408900826,71.7008753089374
142,57.08062914204384,34.49979726712152,71.9623853223803
143,56.09370842472549,36.25330833066911,71.2105792960226
144,57.18658469845226,35.334411340202976,72.56962722351828
145,56.34599826155749,35.5292222945116,73.99712996388459
146,55.07459692828259,36.02243348757294,72.29167712642415
147,57.15150849108238,36.56188643680914,71.72071660152083
148,54.20483783859007,36.980169199175975,72.24412420207818
149,57.319679758282035,36.2110978963619,70.31161889730804
150,54.549695133238714,35.50531378416122,71.97713730883217
151,57.106858721536454,36.10671474219143,70.90871054035512
152,54.86331479160362,35.20313286188279,71.83620713759575
153,55.81776830096515,36.101759807527536,70.96461523321148
154,55.61505309845851,36.11164672866733,71.89670052717007
155,54.932025119918386,35.448613495544656,72.0439699080974
156,55.1661032068389,37.08736972611058,71.8631684806534
157,56.04085979003873,35.82577948302897,72.59149327238033
158,54.20758364748863,35.663817972779114,71.39824009763603
159,55.05023924187442,37.0316257846178,71.81123547190322
160,54.08286446717818,36.93003581877932,71.64387930245375
161,54.93256292489823,37.49384564496658,71.88571528466441
162,54.44199973620919,37.575939812859374,71.74494491035296
163,54.015827738522134,37.22146692729922,71.71455216321071
164,54.449583160511175,38.44206595427614,71.07518338048268
165,54.82722674868242,36.814122620402195,72.74397323185849
166,53.06669458676179,37.795417484377104,70.7157498274624
167,54.64852376926052,39.56509220444974,70.61994421521852
168,54.819399471539064,36.06517501495658,71.53465454496643
169,53.547206792637944,38.957133770828506,70.75373881431821
170,53.69898498521623,36.46254469349554,71.07642257623714
171,54.372641143943035,39.760335855904344,69.66231794960713
172,53.4948929984399,36.303327087700225,71.46062981845493
173,54.84239216819807,39.01085873028912,69.88795463717736
174,52.70732320403601,37.76136705106831,71.83893317261959
175,54.24762508382313,38.294282609524586,69.3616149069172
176,54.44841977051666,37.65498204548034,71.55209771581741
177,54.12874838677254,36.26473650531642,71.37961824071382
178,54.845728484271696,37.049659438022395,70.7062421461924
179,54.42428968362411,36.524711797190164,70.41077520489388
180,54.14490860257536,36.3935986603255,70.4997362494258
181,55.384748238371095,37.4511746812006,69.87967035343873
182,52.80016600135009,36.52296379118377,70.63229620072386
183,55.81141057826204,37.54658537493521,69.43360929843837
184,52.71404230518406,37.450763741962966,70.13521199767501
185,55.94759962574832,37.5628071518286,68.82072792956144
186,53.18967579798355,36.95392905286566,70.37076068066379
187,54.10504071534018,37.48973465852363,67.92406956455123
188,54.871285107216025,38.11239542401087,69.93705535324251
189,54.01336145232058,36.043022244100115,68.2243182317566
190,54.913843051633336,38.29015281249243,69.07834111986514
191,54.10942732955353,36.222522665933276,70.34639239741017
192,54.934466989241145,37.70813405952127,68.10461563057815
193,55.753052627044895,36.253546098617775,70.35543568530602
194,54.3199521692957,36.925237704067364,68.94122493243843
195,54.56576231197319,37.79790128433297,68.90888121351234
196,55.334506899785694,36.92824242624339,68.88100437637209
197,54.70940409142137,37.23168369113543,69.11524471320611
198,54.12442724343478,36.91150692751041,68.96002118249476
199,54.67068575697673,39.08917300280781,68.40444524184906
200,55.07912481582437,37.23036437023719,69.19529656422439
201,54.88462253806391,38.33918559715212,68.00901903800995
202,55.109992396197306,37.722578655499895,68.43654376878798
203,54.13294844576843,38.30351112822399,68.69265327425425
204,57.04239567418428,37.87435404199024,69.25689330624508
205,54.388623582918285,36.41766456882999,68.30583630068755
206,54.83478206417791,38.386718966387996,67.21257769251196
207,56.403519002236195,37.29928469148641,68.57090216863757
208,53.37549697658876,38.14466001407353,67.42819951593292
209,57.36444878549282,39.62651598549078,67.99506639114003
210,54.12279230008213,37.465083856093074,69.82735536003446
211,56.476341450097706,38.13847453698877,66.76431394667678
212,53.98456739812655,39.02052564537034,69.14102047858074
213,56.484893068344725,37.73563079617292,67.33404224820053
214,53.58761401658031,41.28123276601205,69.13972688752436
215,57.67507464254003,36.78260138923659,68.20586161984129
216,52.96547939596622,40.329514475484295,67.97351261538398
217,57.507271442475414,37.85052585958705,67.96011479577399
218,55.37179590789738,39.12710150948807,68.08581132347413
219,55.06282216994301,36.999359612834056,69.02372670111001
220,58.09017130010319,40.28210217124464,68.31309563510749
221,52.98888251747841,36.28587123222856,70.6232482808448
222,57.74682296854877,41.26637408415338,65.54265047982219
223,54.668467843723185,37.75358327294291,69.76811166395494
224,57.345326383334886,39.20618136181411,66.15046387369387
225,53.68448330548094,39.464627484998665,68.1208002349318
226,57.13589706990262,38.94007999494349,65.50632075967046
227,54.23564708866327,40.48115132996138,67.84684439099343
228,56.87739555560157,38.39677177984159,66.43140283943048
229,56.22921661445815,39.06922907909003,66.57625630007624
230,55.61272185545103,37.77497804072275,67.53972033935354
231,54.949441902818506,40.32399626596422,66.32641495565109
232,56.560934864941494,40.63147443878573,67.82850221900435
233,56.23550948843045,39.11703147266584,66.00094957692956
234,54.75300660147195,40.6625513770263,66.90479139740825
235,56.95826730383896,37.95875923920559,67.06133554735779
236,54.8791118183719,40.15530108521544,65.51654107533487
237,54.981523726186765,39.894810058217,65.88575465463164
238,57.60611447806939,40.30118270876315,66.28262660396786
239,53.589843230182254,37.96073055097146,66.98573013359604
240,56.14087778564847,42.33531462001765,64.65051439905831
241,56.60423990204142,38.94252741110824,66.5972342602145
242,53.550382968967334,40.341137918241145,64.7060016432481
243,57.676661491926964,40.96417315692396,65.72490168924006
244,55.37565563743206,37.93206483386389,66.07359735259541
245,54.6508166369081,40.31020980367221,63.26452778858836
246,57.48756995689405,39.14823017721114,65.84208588720529
247,53.13607021499442,39.29752267559992,63.573208989898745
248,56.58729941088501,40.298924004321016,64.33123630036414
249,55.184719474650535,38.56197834397385,66.73135764743117
250,55.63915561867376,39.653050638175806,64.30092298168695
251,55.27096346122031,40.24247911712859,65.02031406046166
252,55.860223090713895,38.821923163083504,64.3644524277111
253,55.266195622961284,41.061478267304196,63.52049408586084
254,54.80996208830167,38.65071888889384,65.67955630417683
255,54.96231741662078,41.409182551940866,62.507161215402505
256,54.67031673929775,40.884987707696524,64.67732574213679
257,55.902741865397516,39.89957159807025,63.46595578631808
258,54.402351916352394,40.61843846696173,63.66849743172381
259,56.060536714750846,39.633023336131075,62.5462347086756
260,52.31488425051174,40.75560174919325,62.96878164547387
261,57.650580421311076,40.68623337097083,63.82349810516059
262,54.08872248136477,38.280550691981524,63.800765411982994
263,53.52815294929878,41.472881724511936,63.08702196915627
264,57.40592805196453,39.97837708408868,62.4732517469858
265,51.61281834722338,40.30406980355536,62.736714134041655
266,56.95045478271998,40.64873076085053,62.08497429361236
267,53.58691768579986,40.528696005522505,64.02778762301764
268,53.71705519054476,42.00355512503402,62.28874978250877
269,55.378957474368846,41.46099390400852,63.074211933932986
270,53.40512507087854,40.410425920964315,61.97869723192221
271,54.5360471958356,41.0642344513586,61.849638526038184
272,54.439332824589584,40.233809817991705,62.43340232617449
273,54.53736361513746,40.96450240670785,62.894374600111824
274,54.25423284543864,40.06630072718864,62.97664160103895
275,53.44903454588709,42.399340396589814,63.145098261803916
276,54.72985617833381,41.404527430028644,63.18945120922705
277,53.957310477506375,42.1952707948253,63.93350366408669
278,55.07729487989976,40.3103205951458,62.728690379697476
279,53.43839585654046,41.64399901676251,62.73807040362356
280,55.34584634097085,41.19111925348395,63.725745324420444
281,53.61213395426016,41.248301595715226,63.2551395525093
282,53.76620255023847,42.25926238239953,62.80790259736056
283,53.28928018315254,42.621014859263546,63.66647345775793
284,54.98824836854511,42.90405655927498,63.62326992255344
285,52.42381187036113,42.30909191630885,65.0479339989574
286,54.92508516262742,44.053128678903256,64.85400243813076
287,54.296994987516356,42.24731985829953,66.65254834590874
288,54.46771060542532,42.05269073243244,64.85063268627273
289,53.24314254208268,42.941687373061775,65.4484013586411
290,55.358375673228984,41.23564824731159,65.72202897527873
291,53.23393494274453,42.60726921804416,65.8565842597085
292,54.11340619443095,41.47832522587949,65.25490277706568
293,54.425465237737036,43.62204557197187,63.774703652427235
294,53.85818315193978,41.78716088935,66.18419068726676
295,52.91402093048165,43.339163508862526,63.66606781193921
296,55.73132002708159,42.44653476056843,65.04272427937389
297,52.845273231711936,40.727789588151765,65.67643877258118
298,54.13384692258917,44.036734098529635,64.26418169925341
299,55.71263491935269,40.26730785716971,68.10542279223887
300,52.03891842517989,41.458434988343036,65.6298110896819
301,54.321297286656566,44.127637975441836,66.33997132084316
302,54.93220122387496,42.177379616597285,68.0860343744763
303,51.670093006174525,43.24297540812583,65.95883365066292
304,55.11891717193235,43.3339791557004,66.76048939291368
305,52.07398760835585,43.26060839913443,65.77365605601385
306,53.52221914190557,44.386775847188595,64.96054469131914
307,52.640866181554145,43.88507112431811,67.13728902101025
308,54.81073275572109,42.66732935274292,65.08455921902316
309,51.07620633673543,42.849795597230916,66.14792046187621
310,54.863061787199236,43.313801947089,65.81779581226711
311,52.850111038408805,42.11827375399258,67.30910047944997
312,52.65941026582078,42.82450250039341,67.04949180947207
313,54.504798822714655,42.34353839075015,66.34532880214815
314,50.40017920180796,42.99287838136194,67.05420725359633
315,54.8490860071065,42.963109053120405,66.32883604720196
316,51.10740373770178,42.57200829166321,66.3771811776037
317,53.64221629142343,43.0818405024677,66.9769598872126
318,52.66326609990036,42.071612112984845,68.12362918706933
319,53.01702691630691,41.817822755920275,67.1962367630659
320,51.56361214567067,42.63271923130677,67.2869326884492
321,51.43465389962833,43.28930910395791,67.08364246463826
322,52.83894052081319,44.40031711481706,66.94669105542643
323,50.182751027475106,42.87183354117357,67.16718152482802
324,52.79193582203091,44.689241024732006,66.13642186467034
325,50.73610884819345,42.108711627217914,67.098246774447
326,51.743166650175624,43.91642901397923,66.07657004902525
327,51.795281997358906,42.30950193387201,66.99863571699873
328,50.69669702870143,43.673564848504434,67.29273938446049
329,51.68239074475135,41.52184441833178,68.30077589221538
330,51.78538143609416,42.629479800989714,67.90913399046605
331,50.586702782738136,40.9202327796423,67.2676473828869
332,50.88251867779436,43.06202960873007,67.28787467763067
333,51.55066299232078,42.08546464272034,67.50758388179895
334,50.30189530216528,42.15307387250257,68.19236895849458
335,50.628072428088586,42.575505557580094,67.85116808734789
336,49.734856834196385,43.26215986192382,66.74867110906362
337,51.14104244878321,42.774292939351156,67.12550223212774
338,47.244937584862825,43.97450063706293,67.08131833666368
339,52.126378469914066,43.87912962195173,65.94985858393787
340,49.01413360525584,43.425580642778094,68.03420049848512
341,48.91982256151286,43.647001784701835,65.7817680901795
342,51.633694332502294,43.77850049774378,67.03458870739854
343,48.27468957458409,41.783952000567005,67.90704842937193
344,51.16921969839903,43.96354367227315,66.45100234389801
345,49.31163653541557,41.963654720710316,68.43437969675321
346,49.77720777210143,42.79969031202133,66.92564277804267
347,48.83364733300515,43.04781796282221,68.05949251733935
348,49.69037748533661,43.76152019687646,66.98341654960184
349,49.178637736065156,42.95390665933401,68.44441894400634
350,50.53604680658124,42.61725874896372,66.39425086799206
351,47.7256974024196,43.90647098502027,67.7401613024624
352,51.14179278463452,43.390991031569335,67.21181472459425
353,48.214077391315165,42.5434798227725,67.42454168476576
354,49.85133826769302,43.8223353692547,66.021130660245
355,49.11624665492009,42.350250521410274,67.8128386670731
356,49.364574614498274,43.24515540888235,66.09153634326321
357,48.56258406862439,41.99503153652483,68.34689681668598
358,51.18091629840153,43.10484206148093,65.0850176533736
359,47.73242623962217,41.925429035399546,67.9123503788126
360,50.68272918829733,44.02977346256377,65.5992234449857
361,48.179684087524585,42.19389789206884,67.89975606541434
362,49.43235834709344,43.2542173897585,65.28175942040153
363,48.83026614279948,43.82252325593252,66.60338583495044
364,49.746641769997474,42.471330546080324,65.78936695006763
365,46.60931632680629,45.41648439745023,65.20827519926709
366,52.47454499585277,42.91142531562389,65.81655667389431
367,46.991429378857525,43.47091986292459,66.00298086444369
368,49.983386637894014,42.87343447682764,64.85895818905826
369,48.9020378852998,44.88863975409471,65.33414714409578
370,49.90299433307684,41.78945701532163,65.57972367868848
371,50.15976854110417,43.14431437409565,65.3582879471852
372,49.11941613712919,41.7914166669134,66.28047185925874
373,49.83684227027762,43.788871341949545,65.10547023129537
374,49.487050698089895,43.33858688373467,65.64646562297955
375,49.68753436602767,44.536537141553396,65.4386970634761
376,50.76948775594073,40.96590617093115,65.53876187686247
377,47.94484903825458,44.25430040916628,64.0866673542906
378,50.73342649065418,42.40957783646948,64.17735737819031
379,48.31097922129894,44.11940426533754,63.09284853553916
380,50.430597294313934,43.3473225942506,63.63443447794273
381,48.71341798452013,43.60317292881551,63.252104538166634
382,49.45364892827007,44.85521954177551,62.471903591115584
383,50.1815663833247,43.06570292460062,63.5450169555708
384,49.557477089170625,42.962513536044824,62.88416245704441
385,48.63463217243318,45.06628144155778,62.468802554737316
386,51.24861928719775,43.21367996244308,63.01783993804224
387,47.63675538298756,43.75749914775557,61.99515889332896
388,51.77348100990158,44.27501703972812,63.067378989333015
389,49.728748683492,42.44144349568565,64.31808187478356
390,49.056385869972466,44.4808844884562,62.62529418735098
391,52.05168196228192,42.8168266596913,63.640232527027564
392,49.39474750883075,42.69299168666807,62.6707392889293
393,49.752487592325174,43.997691848643264,63.30710034968593
394,50.85310123329267,44.96510498968377,63.00372120621356
395,48.82249399736922,44.56536885751801,63.42883193428704
396,49.67960330554656,45.12197536303391,61.74452367971552
397,51.72633505404128,45.652258974923434,62.60123928180525
398,49.41375463365521,43.581698717181965,62.86661240938694
399,50.0624209792823,46.28225134264911,61.50823617426751
400,50.41250759767319,44.59236355788915,63.07857380673442
401,49.87910858157886,46.102245125746514,62.19885787307623
402,49.875472219844966,46.02202998615233,61.72367970944047
403,48.827542639077436,46.24632694921557,62.12083497814461
404,54.20591414762881,44.91991467548629,63.006841676875375
405,46.56963196468528,44.37413221041196,62.997870401261494
406,52.95710461335243,47.26598682390169,61.27515732321081
407,49.877513638867704,44.8082704675133,64.49335070712311
408,50.09931739262515,46.58913056422426,61.235222139230345
409,50.79082305806251,46.49377325550623,62.82184792613825
410,50.849533575501205,46.96694351333023,62.9334807903542
411,51.32448834394705,45.654570652348276,64.59998903322288
412,50.532720757917545,46.44377821779069,63.372712967235486
413,51.58811097659286,45.36931121458643,62.664233672706544
414,50.58748392651785,46.88879250993296,62.640010174531525
415,51.507327648823846,45.46260896493207,64.16965296926118
416,50.13042755987354,47.74906287479878,63.2830546985297
417,52.697070148956534,46.09439845988554,65.17817419946937
418,50.418836480538076,46.585443833332995,65.05246018362129
419,51.63628224655837,46.70372110925424,64.58154850005138
420,52.10950635182406,45.87940250873895,64.80946075532088
421,50.88602957046381,45.94218612990841,64.98837746678477
422,50.58056905195602,48.220941150853356,64.15230874090022
423,54.051391453398466,46.9084718571278,66.3859187289199
424,49.26384498543449,46.74026812300818,65.40651639882066
425,52.52423624391093,48.14411795493003,65.34173345938792
426,52.99566105814448,47.437942403487845,66.32073130009147
427,50.38693593164614,45.86672134435605,66.33370949408803
428,53.53554287096041,48.38968500570291,65.79798509892937
429,51.326563128811024,46.381569685440915,68.10660816357364
430,51.24790197736287,48.590054077350324,65.95768039378294
431,54.08927940873731,47.052024508483925,67.10059782900558
432,50.93747332485392,46.69769361528517,66.68833774969595
433,52.310822626729134,48.27943480520555,65.91376065249425
434,53.2698707668681,47.67259607820154,67.83913569621213
435,52.319593950267254,46.575720988095696,67.56018365424269
436,52.360973346234736,48.67128920788409,66.60099786492813
437,52.812611063441324,46.60554671859664,68.74036235492244
438,52.19998806892689,49.38273759964458,67.44824443579799
439,53.365327803572036,47.21010815153808,69.26289105519335
440,53.11376447292908,47.983641755696844,68.46716725198725
441,51.75191087458006,48.22624840701136,69.37039457605381
442,54.24349513242045,49.663427147139096,68.13088162820762
443,50.822364849367176,48.53467964515301,70.11517866025503
444,55.14571803327308,50.62172318136548,69.63435506235017
445,52.49449727207889,47.31425327514247,71.32252928104066
446,52.51721159765548,50.78463951515484,68.85505286470332
447,54.00430260761608,49.187325302397014,70.89686610945475
448,54.240497225450014,49.999114095576026,69.27380759814494
449,51.75924111535993,49.205179200483805,71.15369424408502
450,55.82141672624138,50.07027036286125,68.72776210357033
451,50.88237165351321,50.10220320126744,70.20542776828668
452,56.483164578368964,49.508710689381296,69.01830163639983
453,52.79991061677929,49.801465680732726,70.28230603135653
454,54.42810018018517,49.1006481598785,69.82469529856478
455,52.878214516562686,51.062814679234386,69.48776151804219
456,54.64940904620382,50.26099073662539,70.32896173975391
457,54.27202038682457,50.39301176751435,69.33449714261529
458,53.85060126570322,49.81226740821925,70.80579052284426
459,54.95769356182484,51.507750177150164,70.99798246485642
460,54.548654735873306,49.36314336478308,70.82750989960063
461,54.82782776312501,51.10339301610907,69.80729702087292
462,54.252972928785546,50.87205527005932,71.9419527077751
463,56.71750694044731,51.25451410640799,71.52386346247279
464,53.37323896849288,49.715788952475954,71.93591609156542
465,55.33762681030916,53.09879485861315,70.09627259441577
466,54.83242440751259,50.558773776854764,72.54003766177016
467,54.4952286466152,52.39626435097361,69.61561146002498
468,55.87517347408908,52.131910910127814,71.87343884408325
469,54.87427508598874,50.756646301158966,70.79079400856837
470,54.08720930016018,52.96989966586703,70.48864884653759
471,57.41308587347761,52.42719675708904,72.00190254964231
472,53.376747514896884,51.82774481575949,71.36868509508514
473,57.102699280542446,53.30951458029527,71.34220003795494
474,54.24888346942763,53.27799405222116,71.8263314265421
475,54.62255485943207,53.73580507013803,71.4744236088041
476,56.91185165871822,54.481264111726155,72.03625225588377
477,53.344325900217214,54.017455871722895,73.25466955357109
478,56.50275627812151,55.64846343759403,70.2324120428731
479,54.77208618449157,54.464750862106825,72.95812195392791
480,55.39392297870051,53.988319551844135,70.31797545106387
481,55.2651860417857,54.75133101583959,70.34114660800638
482,55.718772985289625,53.88202953185295,71.87661265913519
483,56.37840748885983,53.85984760470341,71.20721338212407
484,54.803597772719286,54.345114060819846,71.40770029393725
485,56.23675603472662,55.263382086288075,71.51719979206695
486,54.176617612384355,54.297196741423164,71.47433878368196
487,57.28180090084915,55.66382227362435,70.77213586658912
488,54.30392665814798,53.05880284095755,71.69519409405841
489,56.61585482105447,56.26382109010633,69.8056212907534
490,57.18507015470488,51.75612332563414,73.8049146981295
491,55.65611514717528,53.27436449522317,70.86234452550632
492,56.300652217521915,54.10604037969674,71.63655087592831
493,55.5643458115975,53.66897114977074,71.49409347321361
494,55.30898330573543,56.95410390869361,70.88971284961126
495,55.885388672657626,54.5863981427995,71.45526741376369
496,56.440443202882676,56.255929483838656,71.13820900490916
497,55.848736953621284,54.212761925160876,72.77092563724894
498,56.776694559275484,54.67063248469899,69.38798532780737
499,54.69093160349725,55.305553180744496,70.24167881902757
500,57.438417954601896,54.45007713385875,70.35996144461163
501,54.99065973601694,55.89242701405418,71.34038712090853
502,57.910169437054805,54.04323819731164,69.52224944823632
503,56.50499515119495,55.59207176752996,71.42103295027277
504,56.629293258853686,51.676244105919764,71.14620718805052
505,57.68677732297003,54.89443538733486,69.97598027857835
506,57.49936756357979,51.70706334135853,72.45723836681476
507,56.48698142846325,54.25718627074151,69.4511075940633
508,58.53971495182155,52.67520302866513,71.29931343026172
509,57.11092237896551,52.62104516040002,71.13064813528956
510,56.11464760904733,53.555689747656274,68.87991421897762
511,57.21313868804668,53.75941809576556,69.15748575718455
512,57.35728707905114,53.84237787044517,68.660912868724
513,58.03201542912735,53.65215971943358,69.62340781313728
514,57.51105903136193,52.23115483827886,70.45216221320378
515,58.014169561708734,52.669784479564655,68.9264496018967
516,56.806339851806115,53.668486983327824,69.63114433320192
517,57.84031169605336,51.74166598201585,67.66381185897166
518,58.74850267455475,53.81298971521242,67.32287302096469
519,55.69559265962874,52.4780898079619,67.40551348673003
520,61.24846983547041,53.007847020691706,65.93214072414588
521,55.78075727999804,50.8642975511853,67.92874156914384
522,60.11130410708636,51.930801279862585,66.02176362245348
523,58.52691244011583,50.25768763839231,67.11592196002029
524,58.354481047804995,50.21215640513312,66.39477916509743
525,58.840682594190376,52.8672535513584,65.31246693159902
526,58.70372716191595,50.03680947197167,65.78832983470359
527,57.80429366431183,52.45558607927846,65.18309767847232
528,59.5372066786187,50.44372722420214,65.99902600980715
529,59.603197876903685,49.44306612889996,63.325651896434195
530,59.27330730679943,49.95549122362138,65.30092094470231
531,60.3558267814313,48.7062645111788,64.51556353901675
532,58.48064924357509,49.11909341466718,64.36761397805509
533,61.90846211894549,48.29342027426991,63.464148696230865
534,58.097221240613685,47.775572651497434,64.1659084368327
535,60.437892853241024,49.06318441814749,62.40305257712035
536,60.69358939548425,47.80149615876293,64.30646574013488
537,58.75779542334642,47.478156303216885,63.72218515061913
538,60.680534732396936,49.06032179544805,63.313607044491015
539,61.675983248073294,46.213018309009755,63.19158707226206
540,59.074748382939674,46.26434402955662,62.31062677975148
541,62.71791269098357,46.96261715017504,61.60571798984155
542,59.44968693684344,44.49728066709785,62.13552487258742
543,63.309481033433684,44.78857136846781,62.004985852480566
544,59.742307866344476,43.55068439447593,62.5641593367237
545,62.91302535003213,45.257587901682484,62.21365771971423
546,61.561207536150995,42.523177803736175,63.3149005991186
547,61.99378227945904,44.133629895506935,60.28705524218768
548,60.41319237418474,43.4167750896941,61.214210844785796
549,62.36133977283587,44.873104867142025,60.1857214722533
550,61.63889910289683,42.79047425525327,61.72114221345125
551,61.36277668780118,43.08188399576795,60.97626914247083
552,61.51731102959463,44.3524787648958,60.260210548838394
553,62.58480161705278,42.732081231200226,61.51677067860242
554,61.20721737465595,43.74867341465312,59.4880035418711
555,61.86168047088218,43.012919321107,61.30783673811153
556,62.39332080273587,43.1265666694911,60.63631723995952
557,61.69232203513991,42.09119764365832,60.1246026309754
558,61.38228169893826,43.50395186816014,57.773994452118025
559,62.10822783550618,43.02777409349345,59.130029160096896
560,62.38959653025256,42.076374474320595,58.17846050811299
561,62.56243289381525,42.39294569976455,59.74302973461228
562,63.6587688944753,40.202000484571535,59.63329961043492
563,61.61681227162726,41.39210919887004,59.84660891273396
564,64.61674021034827,40.725291768533815,59.58394456503254
565,61.29446449751499,41.08916644105887,59.70238759949254
566,63.3411922486198,41.20037807499874,57.165799382926394
567,63.739395915873644,41.492577372419845,58.4945768964847
568,61.68573084460344,38.85013205033079,57.77773588805418
569,65.5131258530799,41.21188525575323,57.72981576064472
570,61.70388811661237,38.97500908927217,59.01899653735717
571,65.07895864204757,39.83594368524536,56.97882854227228
572,61.07277988269768,41.23757124417391,57.92628734414993
573,66.13955306483716,39.61530579909165,58.20013755276755
574,62.95915954143799,40.08356807912361,58.45115688759297
575,64.3104094745896,40.54120261016495,57.76198671170507
576,63.50495097448427,40.74839369225326,58.24759094578019
577,63.333772983630375,40.98359078238941,58.357325813745824
578,65.46876740410359,41.69255204317348,57.02834835444827
579,63.27079452728559,39.93236489352049,58.76624834706416
580,63.488215421019646,42.37260131352529,56.05225695694689
581,66.64674479153997,40.56364072452846,58.245150435444586
582,62.411837076734855,39.81009918590596,56.85099629023533
583,66.47349475872879,42.23942598236993,57.71028052675899
584,64.67041827399814,39.821015061729284,57.864244788894936
585,64.48916071949348,42.029824630576805,57.37403252883923
586,65.96028071004784,40.89603468719213,58.41436950337499
587,64.35901542110803,41.907905084748315,58.56898618433073
588,66.29139276458699,41.88030837124654,59.31398349663545
589,64.59540489871023,42.37066522027199,58.551383937282075
590,65.86192439365063,43.18266846501976,56.93004165935259
591,66.13386996587339,42.476488997346166,58.78475492813588
592,65.67688882574876,41.48002654550711,58.26481351627422
593,66.56574294763342,43.949447471024406,55.98521428294008
594,64.64881071507406,43.11693836280298,57.82881406568848
595,67.54636738360168,43.60610883475357,55.25037240447403
596,65.53575522555766,43.08444857894695,56.647805925902034
597,67.54447735783347,43.172766160194335,57.380390908982214
598,67.14027784747512,42.47161033453865,58.12017854863662
599,65.93926186962372,43.218225628441346,55.93564799224799
600,68.06931463649356,43.71501654398595,57.39944614964738
601,66.53467855688979,42.864290913210475,56.75538133645189
602,66.91468036588934,45.28213278372522,56.8353194414967
603,67.38161060311518,43.019591355365414,56.48651071323177
604,66.88244093835343,45.552268758277734,56.16424831405778
605,67.98085964970679,43.027522980743505,57.05083234288077
606,67.92195120227237,44.50251291450603,56.55892800796935
607,68.52325024054358,42.960003715191775,57.513722019037544
608,67.0282146556391,44.27975297120612,55.28490046104018
609,68.43156271261348,44.909608886656336,57.71042720247236
610,69.14819492432333,43.05164894889962,57.12836677390817
611,66.00202963290478,44.601095532655506,55.627010718410496
612,69.6496725415247,45.648824610952815,56.20270167932474
613,67.34329651635946,45.3005028351495,56.293344368791566
614,66.56547509627175,46.381965051167604,56.30652872857466
615,70.56381057199762,45.713338977855805,55.474164692970895
616,66.01291913834672,45.98723745836095,56.76797844001234
617,71.19172656961187,45.50787594773577,56.18207966798568
618,66.91074613462085,46.17241355590482,57.00648919968754
619,70.22786536249333,45.38074648501818,57.38042947291442
620,67.83336037786393,46.274531723859816,57.29073728013657
621,68.55846752796538,46.0965373904316,56.28620547933775
622,69.17212938580948,46.33345580032751,56.89165075456418
623,67.81363442866086,46.532066900699235,55.790088215337875
624,69.8433420710544,47.22351952111856,55.87498710058776
625,66.85992628330462,46.46664864095792,57.05817495606283
626,69.00450141257436,48.19479389481617,54.65317990787583
627,67.44563612732453,48.74139692152857,56.668252844283565
628,69.66500229246947,46.93364911580892,56.29983746169307
629,67.7056511339526,47.55362574812148,56.54005602818732
630,67.73889409625087,48.10071701721806,55.74753660667394
631,69.45342015487887,49.30829908440319,56.901365472469266
632,67.22986326223038,47.37772668995574,56.81298435694128
633,69.12899405777694,49.67409707051809,56.430012211767774
634,67.39331949783572,48.080127011855,57.320115745034265
635,69.2674923730858,49.12956483008227,56.05823113474666
636,68.16445485079244,47.99937314576613,58.006837638699764
637,67.34565666327896,48.29537215724579,56.298687890684754
638,68.56276619769821,49.818822437498476,56.17803014750025
639,70.26874020682891,47.46992931953518,57.78148294023479
640,66.19258704336417,47.23182560695376,56.65444391108444
641,69.08840233214849,49.7200067639977,56.50158335254466
642,68.99891571765109,47.1053992763358,58.71629780318005
643,66.42421785092994,48.3817975229872,56.7737263767353
644,70.77486396852747,48.409796462767275,57.12573643042075
645,66.1558275994965,47.32667124341555,58.02174373872813
646,69.40079514775499,48.33567475641736,56.51951222919476
647,66.42806349064651,50.470369738760155,58.0617554951378
648,68.87329193401796,48.62104682086505,56.79100196823993
649,67.9502245488635,49.61134918145188,57.68045126257422
650,67.20176215326852,48.531803736046975,56.92496555045687
651,67.40622849597592,48.934201775568546,56.278452242933554
652,68.73255604041911,49.9304822791901,57.59812555406207
653,67.8727448777073,47.49493093154176,57.3509859958405
654,66.70528834277965,51.01944777345168,56.48271838517036
655,69.1617588529546,48.45615572849559,57.45350245747448
656,66.31721449246736,49.545832204922796,56.41543159185338
657,68.90936390446012,48.46975527195211,57.807137500062225
658,67.86182533444546,49.28905188823169,56.852602400312804
659,67.34035130916057,48.2265753332473,56.2187388691716
660,67.8987004513434,48.783634296087506,55.6835636124972
661,67.70301732495581,48.310623604578055,54.710360592229584
662,66.66728578233247,48.52721527751744,54.508476795158366
663,69.97497980433087,48.25173649300128,55.354122473519766
664,67.0186377199441,46.60352683553302,55.91047434365259
665,68.65285148672567,49.39248271915346,55.62577721674668
666,68.66481026499031,47.333626192810506,56.009839601984204
667,66.54119341457178,49.28561715037043,55.5314569452886
668,69.07566942637507,49.76133631410615,55.657986331648296
669,67.34391242552515,48.83641651402383,56.50834827540116
670,68.05254293960957,48.64841904574866,56.173325013188794
671,69.8676586690563,48.19514751344167,56.58847477925078
672,65.55888684216714,47.77256999658462,56.87323214278545
673,70.34047421072508,50.41226721752498,55.42888680569548
674,66.65156609253981,47.9976805204179,56.746990049986934
675,67.62752554269659,49.5481124181039,54.90814658960486
676,69.58838389977828,49.19654980138928,56.91577587591239
677,67.7626653964341,48.23623743742099,56.57516448305451
678,69.15574580193267,47.839074035440824,56.09618230268798
679,67.45489892849544,48.991091807113804,56.116361189893524
680,68.38051407984986,49.91044070559616,55.42627732700892
681,69.14788781911047,48.76011074495365,56.85490827287296
682,68.16480861210492,48.25212215927668,56.95670783863705
683,68.39744706832371,49.63087964771498,55.9563687300781
684,68.40438114359193,48.873988590983515,55.53159441333039
685,69.09333123386344,48.78907801676561,57.3696504531326
686,68.33608053536398,48.26069520080869,55.58849846485408
687,67.34043405257599,51.30176009411682,57.27719140012991
688,70.11742860142897,48.3118096052557,56.348642111911694
689,66.68817597171638,50.439834841433566,55.770538546225644
690,69.11708057858115,49.36822511597344,56.50960678616643
691,69.4279425207723,50.5669019975136,56.70837415898847
692,66.73033730276244,48.821588798494524,57.68757193096689
693,70.40343150403612,51.545453682312,56.2382955214266
694,67.47557882050312,48.352412089755035,58.742784475591975
695,68.66895717484829,51.67623816083864,55.545370898775644
696,68.54671928974898,50.243405053933444,58.624561252314756
697,70.41474487797615,49.63768857252826,57.10846527515504
698,66.50169368704398,49.50558498323113,58.21049439291317
699,70.17769351978322,51.83954858850943,57.03087657707467
700,67.67938793640079,49.19229930532195,57.78242890517201
701,69.32134067095386,50.974420010440156,56.692224359856446
702,68.59884974509038,50.24836063110045,59.143945875986034
703,70.32597008566569,49.57406320555688,58.29927893927703
704,66.66692878157528,50.3988246467075,58.85824624765463
705,71.42742244471154,50.91306693359387,58.77484879253242
706,67.0708072310349,50.1379974831439,58.48695486932355
707,69.90319432623315,51.85343752056318,57.32319697379836
708,68.43263342823037,50.765800229991456,59.29119410753193
709,69.57512234631615,50.58062265685487,58.47369949492975
710,69.17412005099055,51.54577064148904,58.90417811995179
711,68.7263585813536,51.5006742006275,60.00910877765148
712,69.89775095907379,51.3728461998486,59.5623254575627
713,67.7523402691629,52.34646200147695,59.688209443741975
714,70.57230022596376,52.310269386073585,59.864243435719324
715,69.05887482544613,50.83928325862166,60.39168221766746
716,69.49960905948629,52.081977818879835,60.12122659452638
717,69.73812690075296,51.5953289572776,60.172587304903814
718,69.64086508190533,52.65736149480958,60.98391462894157
719,70.01936065567304,51.48046631566475,60.63577237850677
720,70.63178262486751,52.72994851556507,61.337991941397576
721,70.28979913480201,50.93134641481886,61.92551011345128
722,68.29437737449618,54.10229220097459,60.57055590835353
723,71.88112705618755,53.447494235709684,60.83121036250653
724,70.64026931202162,52.42270178259022,62.19283636536553
725,70.2030659638001,52.48214292185105,62.27603016245953
726,71.42076020920454,52.700834728700784,62.38352177720153
727,70.2854703367151,52.939813161152045,61.8511005861478
728,72.18828260732414,52.7947720163154,62.619605066238606
729,69.93029161087993,53.340525018208425,61.798702815041786
730,72.32076098976958,52.97238820749747,62.996855312216425
731,70.62723222376785,54.08398349184987,62.48104634647979
732,72.28836347078789,53.194823074174195,62.78821008328616
733,71.53187494195701,53.05323543300053,61.4097625900178
734,72.23701143899957,53.824099156861664,61.66226620742075
735,71.64355323331952,52.93466798645803,62.37584297095841
736,73.40490664739579,53.09588627465981,61.53661535707235
737,69.42488323423919,53.87672970556829,62.35532307303465
738,74.07056179341728,56.153053689424475,61.90783245774759
739,71.81388426511322,53.9779645365967,64.57649935443357
740,73.25165023405359,55.10537075063441,63.31864103038127
741,72.43167099930842,54.45949823998508,63.522216543502935
742,73.08703152430049,55.10016094161071,62.46767230129762
743,73.23276371222687,55.37473913922733,63.61717613784149
744,73.11552842957273,54.945720155433335,63.45497074495407
745,72.97554435471686,55.33421938939751,62.94191867253627
746,73.98072813233544,55.76515003001346,61.92917858629987
747,73.26728319546291,55.050700531611206,63.68254960928604
748,74.6906316859434,55.79799296323822,63.23340897479034
749,74.25067944938691,54.48549316687143,63.480819888729
750,73.34701778299146,56.99654240966367,63.37121505481649
751,75.16338224601589,56.3497176537007,63.481120674554624
752,74.63936191867977,56.59816969513,63.8286665167856
753,73.28019760643296,55.529115216896,62.28608892719752
754,76.73093306150825,57.9522675201527,62.43088018295431
755,73.83047147823838,54.86074491886964,63.64257111413304
756,74.27216662957723,57.87107844827865,62.10993368234686
757,76.53759155302271,56.84457939557056,63.94999847000922
758,73.64901861179865,56.46601273524422,64.34127747011414
759,76.53913427947293,58.07112578678331,63.23929152244882
760,74.52926197175213,56.433373690737106,63.98733021871898
761,75.90450159398888,57.40871343085762,62.45087260418239
762,74.20954829226868,58.584463944698584,64.2736959490337
763,76.39871155139808,58.070261350976686,63.030328035332104
764,73.9352173559644,58.79106299705473,63.41769464718979
765,75.36113900504023,60.11095967700006,63.5576002926831
766,75.6271455554262,60.74350262642312,62.79485022988616
767,72.73226728392558,61.32293582186702,63.91865789912339
768,78.08049119628613,61.588203285662665,63.685862365555415
769,73.58432864993422,60.64077208941694,65.14211813525235
770,76.29029205470395,61.284256021352235,63.63976469247952
771,75.31991952941159,61.082759220068326,64.66400115481729
772,75.03850166363655,60.90906589559556,63.391939009489874
773,74.90282372267086,62.820335748945695,63.88567939244825
774,77.01259934042665,61.05261297008968,64.74243165103061
775,72.59371531364599,62.3991770305901,62.53331427302839
776,77.45893603496596,63.608788721348226,64.12488605783676
777,75.41697495427586,60.41683457469704,65.52342433831681
778,74.92781007441374,63.42300166235538,64.4106265148318
779,74.91105775795721,63.42829036187412,65.64234785092968
780,75.66382407181547,62.93152777210749,63.672008906547156
781,72.6516144398997,64.85672656109018,64.0351147977949
782,77.75365056462846,63.64323780043724,63.4006562186327
783,72.00328393284774,64.72181613234025,65.00193828109633
784,76.725225217916,64.343699478023,63.96815712079787
785,72.975104458918,65.49058809407063,65.13890836069014
786,75.42551907806575,63.88645865389231,64.74227150797137
787,75.04706648894619,64.92816594643568,65.44122793242259
788,73.12676056406902,64.85648503415808,65.37997374708493
789,74.85879369088617,67.29910950080625,64.32031147691714
790,74.8918893388838,64.70962266935464,66.62598097729521
791,73.22038387688045,66.40899728461946,64.17438143263657
792,73.339522799635,66.82858946606764,64.83805733121605
793,74.32244186729487,68.03393559635042,64.661375661516
794,74.72446197496755,66.7821797021964,66.27584721128441
795,72.55863867277473,66.81232367151489,65.59354486025482
796,74.83636772442706,67.92447131794182,64.61529986495017
797,72.79492602272097,68.19841059020905,66.83477867924861
798,75.23945533645427,66.99594940587566,66.21337598126385
799,71.3523484221185,68.66775887749712,65.6011245621602
